,cluster,pair,gene_i,gene_j,prop_this_cluster,prop_not_cluster,sum_dist_cluster,sum_dist_not_cluster,avg_dist_cluster,avg_dist_not_cluster,med_dist_cluster,med_dist_not_cluster,prop_diff
1,cluster1,1,122,842,0.780487804878049,0.0918367346938776,6.60954906444445,-74.00453159,0.19466188,-0.776380072222221,0.161208513766938,-0.755148281530612,0.688651070184171
2,cluster1,2,166,1787,0.878048780487805,0.204081632653061,10.2876033477778,-67.8933106777778,0.232656783333333,-0.544024119444445,0.250917154823848,-0.69278888446712,0.673967147834744
3,cluster1,3,193,842,0.902439024390244,0.214285714285714,16.5973962166667,-48.0550716011111,0.357912488888889,-0.416875904444442,0.404814541869919,-0.490357873480726,0.68815331010453
4,cluster1,4,211,842,0.926829268292683,0.23469387755102,17.9132995588889,-49.86059596,0.385521598888889,-0.485713508333335,0.436909745338753,-0.508781591428571,0.692135390741663
5,cluster1,5,292,842,0.878048780487805,0.193877551020408,17.7750150833333,-63.0919822677778,0.366765767777778,-0.622649968333334,0.433536953252032,-0.643795737426304,0.684171229467397
6,cluster1,6,301,11228,0.926829268292683,0.255102040816327,19.0212191933334,-23.9038590755555,0.414964351111116,-0.227728472222223,0.463932175447155,-0.243916929342403,0.671727227476356
7,cluster1,7,320,842,0.829268292682927,0.163265306122449,14.8821243455556,-59.7023596244444,0.374946781111111,-0.560247407222219,0.362978642574526,-0.609207751269841,0.666002986560478
8,cluster1,8,327,1512,0.829268292682927,0.163265306122449,18.4392458733333,-58.4115871155555,0.28471835,-0.606190526666667,0.449737704227642,-0.596036603219954,0.666002986560478
9,cluster1,9,344,842,0.878048780487805,0.204081632653061,14.6373958922222,-60.3945622333333,0.400322023333334,-0.635857840555556,0.357009655907859,-0.616271043197279,0.673967147834744
10,cluster1,10,348,842,0.780487804878049,0.0510204081632653,21.7721369377778,-80.9190558766667,0.212929734444445,-0.827121193333333,0.531027730189702,-0.825704651802721,0.729467396714784
11,cluster1,11,348,6935,0.780487804878049,0.112244897959184,22.4661363966667,-87.0477884311111,0.26848114,-0.814707689444445,0.547954546260162,-0.888242739092971,0.668242906918865
12,cluster1,12,366,11155,0.24390243902439,0.908163265306122,-7.82934026000001,30.2365630355556,-0.151610961111111,0.351896366111111,-0.190959518536586,0.308536357505669,-0.664260826281732
13,cluster1,13,414,842,0.853658536585366,0.163265306122449,12.5629834688889,-59.4065253522222,0.27987768,-0.55900500277778,0.306414230948509,-0.606189034206349,0.690393230462917
14,cluster1,14,445,1787,0.878048780487805,0.204081632653061,10.0919379833333,-74.4258534144444,0.190740954444444,-0.86552404611111,0.246144828861789,-0.759447483820862,0.673967147834744
15,cluster1,15,484,842,0.731707317073171,0.0714285714285714,2.90506437222222,-83.35516813,0.155005944444445,-0.829391154444444,0.0708552285907859,-0.850562940102041,0.660278745644599
16,cluster1,16,485,842,0.829268292682927,0.142857142857143,10.7322228544444,-68.6820428844444,0.320284787777778,-0.710967227222227,0.26176153303523,-0.700837172290249,0.686411149825784
17,cluster1,17,491,774,0.804878048780488,0.142857142857143,15.1323824622222,-51.6290581144445,0.34871182888889,-0.511790567777775,0.36908249907859,-0.52682712361678,0.662020905923345
18,cluster1,18,491,842,1,0.285714285714286,35.8076717077778,-65.02020674,0.806003593333334,-0.66731012111111,0.873357846531165,-0.663471497346938,0.714285714285714
19,cluster1,19,491,922,0.902439024390244,0.204081632653061,21.35310927,-35.8631528055555,0.394659154444447,-0.383281728888889,0.520807543170731,-0.365950538832199,0.698357391737183
20,cluster1,20,491,945,0.926829268292683,0.26530612244898,31.6614252522222,-83.4017050755556,0.691317883333334,-0.812224360555554,0.772229884200542,-0.851037806893424,0.661523145843703
21,cluster1,21,491,1493,0.853658536585366,0.173469387755102,14.6802107066667,-33.5154040644445,0.282569535555558,-0.341398227777778,0.358053919674796,-0.341993919024943,0.680189148830264
22,cluster1,22,491,1787,1,0.326530612244898,45.8975395188889,-46.1397060433333,1.05420191666667,-0.534665115555556,1.11945218338753,-0.470813326972789,0.673469387755102
23,cluster1,23,491,2108,0.926829268292683,0.26530612244898,19.4059421922222,-19.5537784988889,0.410298556666666,-0.255544203888889,0.473315663224932,-0.199528352029478,0.661523145843703
24,cluster1,24,491,2283,0.804878048780488,0.142857142857143,13.9906771477778,-45.4867379455555,0.21109154333333,-0.430421818333333,0.34123602799458,-0.464150387199546,0.662020905923345
25,cluster1,25,491,3093,0.975609756097561,0.285714285714286,29.8447004211111,-28.8880884233333,0.69771959,-0.227887938888889,0.727919522466125,-0.294776412482993,0.689895470383275
26,cluster1,26,491,3521,0.804878048780488,0.122448979591837,10.3693310566667,-63.5904835766667,0.178844022222219,-0.547262658888892,0.252910513577235,-0.648882485476191,0.682429069188651
27,cluster1,27,491,3745,0.829268292682927,0.163265306122449,18.3046591511111,-36.74485032,0.34902672333333,-0.354274888888891,0.446455101246612,-0.374947452244898,0.666002986560478
28,cluster1,28,491,4088,0.902439024390244,0.23469387755102,27.2018395911111,-37.6776918244444,0.689754532222224,-0.468930433888887,0.663459502222222,-0.384466243106576,0.667745146839223
29,cluster1,29,491,4533,0.804878048780488,0.112244897959184,19.7611453222222,-62.4593552188889,0.502961998888884,-0.694887908333332,0.481979154200542,-0.637340359376417,0.692633150821304
30,cluster1,30,491,4767,1,0.326530612244898,38.1472177511111,-31.29115759,0.966845713333329,-0.299854855555553,0.930419945149051,-0.319297526428571,0.673469387755102
31,cluster1,31,491,4839,0.975609756097561,0.306122448979592,24.4857912833333,-16.4442189533333,0.499177186666669,-0.224410364444444,0.597214421544715,-0.167798152585034,0.669487307117969
32,cluster1,32,491,4876,0.951219512195122,0.275510204081633,26.4109980088889,-14.7685332433333,0.576261385555556,-0.194590735,0.644170683143631,-0.150699318809524,0.675709308113489
33,cluster1,33,491,5435,0.804878048780488,0.112244897959184,14.8319189566667,-46.5810736822222,0.250965355555556,-0.453993203888889,0.361754120894309,-0.475317078390022,0.692633150821304
34,cluster1,34,491,5438,0.853658536585366,0.173469387755102,19.4829808955555,-37.0971425044444,0.34987232555555,-0.349591806666666,0.475194655989159,-0.378542270453515,0.680189148830264
35,cluster1,35,491,5659,0.902439024390244,0.23469387755102,25.9044863333333,-57.7307594411111,0.49162659777778,-0.567220457777775,0.631816739837398,-0.589089382052154,0.667745146839223
36,cluster1,36,491,6148,0.926829268292683,0.173469387755102,21.80099776,-39.0536989966667,0.398140568888888,-0.391691037777778,0.531731652682927,-0.398507132619048,0.753359880537581
37,cluster1,37,491,7151,0.829268292682927,0.153061224489796,15.27317366,-32.6590730066666,0.292937992222222,-0.298422438333334,0.372516430731707,-0.333255847006803,0.676207068193131
38,cluster1,38,491,7363,0.878048780487805,0.193877551020408,16.6817357922222,-28.40883831,0.346982584444449,-0.341353811666667,0.406871604688347,-0.289886105204081,0.684171229467397
39,cluster1,39,491,7557,0.951219512195122,0.275510204081633,30.2679356533333,-18.2197525666667,0.78601473666667,-0.228083944444444,0.73824233300813,-0.185915842517007,0.675709308113489
40,cluster1,40,491,7634,0.926829268292683,0.244897959183673,22.3869335066667,-22.7019008433333,0.356151474444444,-0.233997646111112,0.546022768455284,-0.231652049421769,0.68193130910901
41,cluster1,41,491,7688,0.975609756097561,0.26530612244898,26.0038775277778,-22.7905073055555,0.50015333111111,-0.251656467222221,0.634240915311653,-0.232556196995465,0.710303633648581
42,cluster1,42,491,8308,0.853658536585366,0.173469387755102,14.8156597311111,-36.1336079855555,0.307115702222218,-0.353759900555555,0.361357554417344,-0.368710285566893,0.680189148830264
43,cluster1,43,491,8407,0.829268292682927,0.163265306122449,15.25930595,-25.8544764422222,0.288162701111111,-0.322097137222222,0.372178193902439,-0.263821188185941,0.666002986560478
44,cluster1,44,491,8650,0.926829268292683,0.153061224489796,22.83731598,-30.3967755988889,0.386269156666663,-0.287551478888887,0.557007706829268,-0.310171179580499,0.773768043802887
45,cluster1,45,491,8718,0.902439024390244,0.204081632653061,23.1768771166666,-24.22158887,0.453822033333337,-0.226468805555556,0.565289685772357,-0.247159070102041,0.698357391737183
46,cluster1,46,491,8755,0.853658536585366,0.163265306122449,17.2997892244444,-26.0500171677778,0.257599517777778,-0.257536582777778,0.421946078644986,-0.265816501712018,0.690393230462917
47,cluster1,47,491,8933,0.853658536585366,0.163265306122449,23.5102654333333,-46.2596271622222,0.621449196666667,-0.446324070555556,0.573421108130081,-0.472037011859411,0.690393230462917
48,cluster1,48,491,9085,0.853658536585366,0.13265306122449,20.9500655833333,-60.1436825855555,0.430911451111113,-0.706241702222219,0.510977209349594,-0.613711046791383,0.721005475360876
49,cluster1,49,491,9289,0.853658536585366,0.173469387755102,23.33217375,-88.67027855,0.371881886666667,-0.917767159444444,0.569077408536585,-0.904798760714285,0.680189148830264
50,cluster1,50,491,9380,0.853658536585366,0.183673469387755,17.0680262733333,-28.0713447044444,0.410141477777777,-0.325590819444444,0.416293323739837,-0.286442292902494,0.669985067197611
51,cluster1,51,491,10127,0.829268292682927,0.163265306122449,19.9752633988889,-43.4230057011111,0.39228915333333,-0.477045,0.487201546314363,-0.443091894909297,0.666002986560478
52,cluster1,52,491,10490,0.902439024390244,0.193877551020408,16.3794418033333,-23.77183516,0.323153635555551,-0.28806091,0.399498580569106,-0.242569746530612,0.708561473369836
53,cluster1,53,491,10580,0.975609756097561,0.275510204081633,28.9056260888889,-35.43206561,0.597297401111107,-0.361166621111111,0.705015270460704,-0.361551689897959,0.700099552015928
54,cluster1,54,491,10864,0.731707317073171,0.0306122448979592,14.6973849366667,-78.4967936611111,0.322660286666666,-0.747324313888888,0.358472803333333,-0.800987690419501,0.701095072175211
55,cluster1,55,491,11585,0.878048780487805,0.204081632653061,16.1236841422222,-27.7693700333333,0.36049058333333,-0.29689783388889,0.393260588834688,-0.283360918707483,0.673967147834744
56,cluster1,56,491,12497,0.878048780487805,0.173469387755102,24.1451527755555,-29.8209633155555,0.505077881111111,-0.260983165555555,0.588906165257452,-0.304295544036281,0.704579392732703
57,cluster1,57,539,842,1,0.316326530612245,26.5874624544445,-34.7930100022222,0.663628355555557,-0.320878543333333,0.64847469401084,-0.35503071430839,0.683673469387755
58,cluster1,58,619,842,0.853658536585366,0.153061224489796,22.5571302533333,-59.8878311722222,0.574162473333333,-0.558064393888888,0.550173908617887,-0.6111003180839,0.70059731209557
59,cluster1,59,619,6935,0.951219512195122,0.224489795918367,23.2511297122222,-66.0165637266667,0.588686398888889,-0.69664531444444,0.567100724688347,-0.67363840537415,0.726729716276755
60,cluster1,60,619,10580,0.902439024390244,0.173469387755102,15.6550846344445,-30.2996900422222,0.262684972222223,-0.315924302222225,0.381831332547426,-0.309180510634921,0.728969636635142
61,cluster1,61,638,1787,0.926829268292683,0.255102040816327,23.2857770933333,-59.3143705822222,0.502769254444448,-0.555149777222221,0.567945782764227,-0.605248679410431,0.671727227476356
62,cluster1,62,638,7042,0.804878048780488,0.142857142857143,12.1875413666667,-28.09231558,0.276692114444445,-0.307495863888889,0.297257106504065,-0.286656281428572,0.662020905923345
63,cluster1,63,742,1787,0.780487804878049,0.0918367346938776,1.54221453666667,-91.1652712844444,0.127134788888889,-1.01528081888889,0.0376149886991871,-0.930257870249433,0.688651070184171
64,cluster1,64,764,1787,0.926829268292683,0.244897959183673,26.5377969288889,-60.4312413566667,0.562368847777778,-0.584316155,0.647263339728997,-0.616645319965986,0.68193130910901
65,cluster1,65,842,879,0.0975609756097561,0.775510204081633,-20.3534541311111,47.5166507511111,-0.5756514,0.49532990555556,-0.496425710514905,0.484863783174603,-0.677949228471877
66,cluster1,66,842,934,0.121951219512195,0.785714285714286,-15.1959524133333,67.5783537344444,-0.400565656666667,0.70899174777778,-0.370632985691057,0.689575038106576,-0.663763066202091
67,cluster1,67,842,939,0.0487804878048781,0.73469387755102,-22.7037349088889,43.3291852888889,-0.599415022222222,0.413332293888889,-0.553749631924119,0.442134543764172,-0.685913389746142
68,cluster1,68,842,954,0.195121951219512,0.877551020408163,-8.05292249888889,77.0159967188889,-0.246199157777778,0.790270282777778,-0.196412743875339,0.785877517539682,-0.682429069188651
69,cluster1,69,842,978,0.268292682926829,0.938775510204082,-4.34708933888889,82.2925417044444,-0.224263452222222,0.809678947222225,-0.106026569241192,0.839719813310657,-0.670482827277252
70,cluster1,70,842,1029,0.0487804878048781,0.76530612244898,-21.7917592433333,50.6863107966666,-0.569817207777778,0.412249367222223,-0.53150632300813,0.517207253027211,-0.716525634644101
71,cluster1,71,842,1030,0.0975609756097561,0.76530612244898,-19.6638569966667,54.6265800433333,-0.459716725555556,0.58093602722222,-0.479606268211382,0.55741408207483,-0.667745146839223
72,cluster1,72,842,1095,0.195121951219512,0.887755102040816,-7.49623081555556,76.9060526366666,-0.219271725555555,0.786913648333333,-0.18283489794038,0.78475563914966,-0.692633150821304
73,cluster1,73,842,1163,0.121951219512195,0.806122448979592,-13.5130592711111,69.5772562144444,-0.355593411111111,0.715070362777775,-0.329586811490515,0.709972002188208,-0.684171229467397
74,cluster1,74,842,1180,0.170731707317073,0.836734693877551,-14.7610927,58.7717575744444,-0.39218066,0.63055794611111,-0.360026651219512,0.599711811984127,-0.666002986560478
75,cluster1,75,842,1499,0.0487804878048781,0.714285714285714,-22.5834502222222,43.0605238433333,-0.508500368888889,0.474715313888888,-0.550815859078591,0.439393100442177,-0.665505226480836
76,cluster1,76,842,1802,0.024390243902439,0.724489795918367,-16.8754958066667,51.2550038188889,-0.359405008888889,0.498894734444445,-0.411597458699187,0.523010243049886,-0.700099552015928
77,cluster1,77,842,1804,0.024390243902439,0.73469387755102,-26.5969326577778,39.0504457311111,-0.680193717777778,0.335002486111113,-0.648705674579946,0.398473936031746,-0.710303633648581
78,cluster1,78,842,1839,0.146341463414634,0.816326530612245,-16.6049381977778,63.7905454077778,-0.342407321111111,0.63808903666667,-0.404998492628726,0.650923932732426,-0.669985067197611
79,cluster1,79,842,1874,0.195121951219512,0.86734693877551,-8.80454938888889,70.5822628707143,-0.228627327539682,0.748403863373015,-0.21474510704607,0.720227172150146,-0.672224987555998
80,cluster1,80,842,1949,0.268292682926829,0.928571428571429,-7.57583053777778,73.2578734488889,-0.216152744444444,0.642984703888887,-0.184776354579946,0.747529320907029,-0.660278745644599
81,cluster1,81,842,1987,0.0975609756097561,0.775510204081633,-14.0081321555556,46.3488220677777,-0.331696205555556,0.528754781111112,-0.341661759891599,0.472947163956916,-0.677949228471877
82,cluster1,82,842,2113,0.268292682926829,0.928571428571429,-2.81309705111111,77.7346233844444,-0.118435958888889,0.694398825555552,-0.0686121231978321,0.793210442698412,-0.660278745644599
83,cluster1,83,842,2151,0.146341463414634,0.846938775510204,-11.3168815066667,66.2161843188889,-0.294851077777778,0.629615173888892,-0.276021500162602,0.675675350192743,-0.70059731209557
84,cluster1,84,842,2163,0.0731707317073171,0.73469387755102,-18.4964889222222,40.6691796755555,-0.428575116666667,0.417734885555555,-0.451133876151762,0.414991629342403,-0.661523145843703
85,cluster1,85,842,2243,0.195121951219512,0.857142857142857,-9.40636434555556,73.06612489,-0.300646495555555,0.659537869999999,-0.229423520623306,0.745572702959184,-0.662020905923345
86,cluster1,86,842,2365,0.146341463414634,0.816326530612245,-16.8855676733333,62.0943314266666,-0.337703891111112,0.550147178888887,-0.41184311398374,0.633615626802721,-0.669985067197611
87,cluster1,87,842,2536,0.024390243902439,0.693877551020408,-23.0737321766667,45.2765275188889,-0.543123331111112,0.45998525611111,-0.562773955528455,0.462005382845805,-0.669487307117969
88,cluster1,88,842,2540,0.0487804878048781,0.724489795918367,-16.8711892122222,48.3350611355555,-0.378184992222222,0.518886261666665,-0.411492419810298,0.493214909546485,-0.675709308113489
89,cluster1,89,842,2559,0.0487804878048781,0.744897959183674,-19.7429566322222,62.8497679244444,-0.386237527777774,0.664847145555554,-0.481535527615176,0.641324162494331,-0.696117471378795
90,cluster1,90,842,2562,0,0.724489795918367,-29.9760432888889,38.0122617577778,-0.719062984444445,0.365912388888891,-0.731123007046071,0.387880222018141,-0.724489795918367
91,cluster1,91,842,2638,0.024390243902439,0.693877551020408,-24.5752061433333,39.6206810588889,-0.598883603333333,0.431055508333332,-0.599395271788618,0.404292663866213,-0.669487307117969
92,cluster1,92,842,2668,0.170731707317073,0.846938775510204,-15.2092927677778,68.6286709377778,-0.267496026666667,0.643733573333331,-0.370958360189702,0.700292560589569,-0.676207068193131
93,cluster1,93,842,2727,0.0975609756097561,0.785714285714286,-13.10491665,51.3092490577778,-0.270835005555555,0.448351263333335,-0.319632113414634,0.523563765895691,-0.68815331010453
94,cluster1,94,842,2731,0.121951219512195,0.826530612244898,-16.2851221988889,60.6240671255555,-0.408062362222222,0.629556068888886,-0.397198102411924,0.618612929852608,-0.704579392732703
95,cluster1,95,842,2758,0.0975609756097561,0.76530612244898,-14.9015500844444,53.1849458433333,-0.355375145555556,0.504937248333332,-0.363452441084011,0.542703529013605,-0.667745146839223
96,cluster1,96,842,2761,0.121951219512195,0.806122448979592,-16.6449623866667,63.6844901511111,-0.330557674444445,0.64639037111111,-0.405974692357724,0.649841736235827,-0.684171229467397
97,cluster1,97,842,2769,0.0731707317073171,0.755102040816326,-21.8339315344444,48.0985345455555,-0.476912181111111,0.488257592222221,-0.532534915474255,0.490801372913832,-0.681931309109009
98,cluster1,98,842,2790,0.121951219512195,0.785714285714286,-14.9127135866667,53.3077955933333,-0.432335213333334,0.524276375555558,-0.363724721626016,0.543957097891156,-0.663763066202091
99,cluster1,99,842,2806,0.0731707317073171,0.755102040816326,-19.84979252,41.0192567211111,-0.480830918888889,0.261062752222221,-0.48414128097561,0.41856384409297,-0.681931309109009
100,cluster1,100,842,2808,0.0975609756097561,0.76530612244898,-24.7076399522222,41.9869016633333,-0.636433151111111,0.481524740555556,-0.602625364688347,0.42843777207483,-0.667745146839223
101,cluster1,101,842,2809,0.146341463414634,0.826530612244898,-9.07678001555556,63.0628977766666,-0.254383643333334,0.569764233333332,-0.221384878428184,0.643498956904762,-0.680189148830264
102,cluster1,102,842,2836,0.024390243902439,0.704081632653061,-23.0535733824603,40.9623703178571,-0.549955656984127,0.409524005753967,-0.562282277620984,0.417983370590379,-0.679691388750622
103,cluster1,103,842,2867,0.0487804878048781,0.744897959183674,-17.6419466611111,43.4409413588889,-0.477457573333333,0.487754139999995,-0.430291381978319,0.443274911825396,-0.696117471378795
104,cluster1,104,842,2882,0.0975609756097561,0.76530612244898,-15.64516993,52.5022048311111,-0.427918425555556,0.481019245,-0.381589510487805,0.53573678399093,-0.667745146839223
105,cluster1,105,842,2912,0.170731707317073,0.887755102040816,-9.89606320222223,76.8782706311111,-0.283106021111111,0.751140331111112,-0.241367395176152,0.784472149297052,-0.717023394723743
106,cluster1,106,842,2916,0.0975609756097561,0.76530612244898,-18.6331783088889,45.78066519,-0.47202676,0.497262438888889,-0.454467763631436,0.467149644795918,-0.667745146839223
107,cluster1,107,842,2987,0.0731707317073171,0.744897959183674,-15.2576557044444,44.62273434,-0.354118398888889,0.432816601111112,-0.37213794401084,0.455334023877551,-0.671727227476356
108,cluster1,108,842,3016,0.146341463414634,0.816326530612245,-13.8761809411111,61.2308446244444,-0.357487714444445,0.56856681,-0.338443437588076,0.624804536984127,-0.669985067197611
109,cluster1,109,842,3019,0.24390243902439,0.908163265306122,-7.00976215888889,74.82701663,-0.274844586666667,0.768828530000001,-0.170969808753388,0.763540986020408,-0.664260826281732
110,cluster1,110,842,3058,0.195121951219512,0.887755102040816,-6.69066154603175,69.9778825057143,-0.246437976111111,0.718639000039682,-0.163186866976384,0.714060025568513,-0.692633150821304
111,cluster1,111,842,3059,0.195121951219512,0.86734693877551,-11.6404604,65.8343561844444,-0.325016658888889,0.608424103888889,-0.283913668292683,0.671779144739229,-0.672224987555998
112,cluster1,112,842,3133,0.121951219512195,0.846938775510204,-7.33768536674604,66.8345427885714,-0.196929356587301,0.744870806626982,-0.178967935774294,0.681985130495627,-0.724987555998009
113,cluster1,113,842,3182,0.219512195121951,0.908163265306122,-4.70903914111112,78.3621738333333,-0.18077682,0.775736647222223,-0.114854613197832,0.799614018707483,-0.688651070184171
114,cluster1,114,842,3186,0.219512195121951,0.887755102040816,-6.00558489777778,83.5912147933333,-0.0769252088888889,0.832962489999997,-0.146477680433604,0.852971579523809,-0.668242906918865
115,cluster1,115,842,3269,0.0975609756097561,0.76530612244898,-20.5091389966667,47.7738304022222,-0.469782212222222,0.426026717222223,-0.500222902357724,0.487488065328798,-0.667745146839223
116,cluster1,116,842,3305,0.195121951219512,0.86734693877551,-5.34571840888889,76.6705451392857,-0.218102261507936,0.792247181507939,-0.130383375826558,0.782352501421283,-0.672224987555998
117,cluster1,117,842,3350,0.0975609756097561,0.775510204081633,-17.37019011,49.5578977333333,-0.389793944444445,0.48878908222222,-0.423663173414634,0.505692834013605,-0.677949228471877
118,cluster1,118,842,3352,0.170731707317073,0.836734693877551,-9.96984032777778,63.2554057444444,-0.271453112222223,0.562393078888888,-0.243166837262873,0.645463323922902,-0.666002986560478
119,cluster1,119,842,3432,0.268292682926829,0.938775510204082,-2.29398319777778,90.74297891,-0.162749835555556,0.933823117222221,-0.0559508097018971,0.925948764387755,-0.670482827277252
120,cluster1,120,842,3438,0.219512195121951,0.887755102040816,-3.81406242000001,80.4890196411111,-0.181492221111111,0.835793990555554,-0.093025912682927,0.821316526950113,-0.668242906918865
121,cluster1,121,842,3605,0.24390243902439,0.908163265306122,-6.37387703111111,76.7043777,-0.227002966666667,0.78324059888889,-0.155460415392954,0.782697731632653,-0.664260826281732
122,cluster1,122,842,3667,0.024390243902439,0.693877551020408,-27.01153194,35.5933724333333,-0.637114412222227,0.307502736666666,-0.658817852195122,0.363197677891156,-0.669487307117969
123,cluster1,123,842,3668,0.024390243902439,0.693877551020408,-25.0680708077778,37.9671446244444,-0.58604659777778,0.352361133888886,-0.611416361165312,0.387419843106576,-0.669487307117969
124,cluster1,124,842,3787,0.146341463414634,0.816326530612245,-13.6993790811111,51.0168258833333,-0.412343667777778,0.503543548888886,-0.334131197100271,0.520579855952381,-0.669985067197611
125,cluster1,125,842,3833,0.0487804878048781,0.73469387755102,-18.2004929133333,54.4103274444444,-0.382798934444445,0.555010271666664,-0.443914461300813,0.555207422902494,-0.685913389746142
126,cluster1,126,842,3965,0.170731707317073,0.846938775510204,-13.3697418688889,62.7642697233333,-0.389145938888889,0.639426647222223,-0.326091265094851,0.640451731870748,-0.676207068193131
127,cluster1,127,842,4051,0.0975609756097561,0.76530612244898,-14.2731301133333,51.2599756611111,-0.395440814444445,0.548136213333332,-0.348125124715447,0.523060976133787,-0.667745146839223
128,cluster1,128,842,4139,0.0975609756097561,0.76530612244898,-15.8187395088889,50.2766105388889,-0.386483648888889,0.589909141111112,-0.385822914850949,0.513026638151927,-0.667745146839223
129,cluster1,129,842,4356,0.146341463414634,0.816326530612245,-14.0392688322222,49.2102740233333,-0.303343444444444,0.401094195555557,-0.34242119102981,0.50214565329932,-0.669985067197611
130,cluster1,130,842,4396,0.121951219512195,0.795918367346939,-19.6635737066667,55.3484415144444,-0.477664247777778,0.589870453888888,-0.479599358699187,0.564780015453515,-0.673967147834744
131,cluster1,131,842,4403,0.024390243902439,0.693877551020408,-27.4051055377778,40.0307517377778,-0.640912654444445,0.377144063333333,-0.668417208238482,0.408477058548753,-0.669487307117969
132,cluster1,132,842,4982,0.24390243902439,0.928571428571429,-6.73381640531746,68.000802145,-0.24212075968254,0.655639079007938,-0.164239424519938,0.693885736173469,-0.684668989547038
133,cluster1,133,842,5065,0.24390243902439,0.908163265306122,-4.50025963777778,83.2129703688889,-0.165641546666667,0.893030379444443,-0.109762430189702,0.849111942539682,-0.664260826281732
134,cluster1,134,842,5226,0.170731707317073,0.836734693877551,-10.8649714544444,62.8248666555555,-0.234807943333333,0.651185298333335,-0.264999303766938,0.641070067913832,-0.666002986560478
135,cluster1,135,842,5279,0.121951219512195,0.795918367346939,-13.5582372544444,50.7089628288889,-0.386883734444445,0.509553615555553,-0.330688713523035,0.517438396213152,-0.673967147834744
136,cluster1,136,842,5285,0.0731707317073171,0.755102040816326,-31.4664920722222,55.3263410422222,-0.703780948888889,0.561793869444445,-0.767475416395664,0.564554500430839,-0.681931309109009
137,cluster1,137,842,5291,0.0487804878048781,0.714285714285714,-20.5646454533333,49.8471443544444,-0.48093732,0.558322388333334,-0.501576718373984,0.508644330147392,-0.665505226480836
138,cluster1,138,842,5339,0.195121951219512,0.86734693877551,-10.22859316,68.1094148222222,-0.311010644444444,0.648345653888888,-0.24947788195122,0.694994028798186,-0.672224987555998
139,cluster1,139,842,5388,0.121951219512195,0.795918367346939,-16.6145814555556,54.5979197522222,-0.381113161111111,0.524944924444442,-0.40523369403794,0.557121630124716,-0.673967147834744
140,cluster1,140,842,5609,0.24390243902439,0.908163265306122,-7.93860834555556,76.40874357,-0.192596836666667,0.807854656666665,-0.193624593794038,0.779681056836734,-0.664260826281732
141,cluster1,141,842,5622,0.195121951219512,0.857142857142857,-11.5099466866667,66.4518487266666,-0.268182955555556,0.705126413333333,-0.28073040699187,0.678080089047619,-0.662020905923345
142,cluster1,142,842,5667,0.0975609756097561,0.76530612244898,-19.0329641266667,57.68540283,-0.478097861111111,0.564499832222223,-0.464218637235772,0.588626559489796,-0.667745146839223
143,cluster1,143,842,5792,0.195121951219512,0.857142857142857,-13.73786859,74.8681991222222,-0.286739661111111,0.646209191666668,-0.335069965609756,0.76396121553288,-0.662020905923345
144,cluster1,144,842,5866,0.195121951219512,0.877551020408163,-7.92051555888889,72.87487997,-0.225926713333334,0.773823853333335,-0.193183306314363,0.743621224183673,-0.682429069188651
145,cluster1,145,842,5950,0.195121951219512,0.86734693877551,-12.1093776733333,68.9496709488889,-0.289222412222222,0.640026187777782,-0.29535067495935,0.703568070907029,-0.672224987555998
146,cluster1,146,842,5982,0.195121951219512,0.86734693877551,-10.4965158077778,71.83308837,-0.276319343333334,0.691432838333333,-0.256012580677507,0.732990697653061,-0.672224987555998
147,cluster1,147,842,6080,0.121951219512195,0.785714285714286,-16.3686500144444,59.3084845822222,-0.399916384444445,0.629697294444446,-0.399235366205962,0.605188618185941,-0.663763066202091
148,cluster1,148,842,6099,0.170731707317073,0.86734693877551,-8.35969112222222,75.2648052955555,-0.268452406666666,0.72207809111111,-0.203894905420054,0.768008217301587,-0.696615231458437
149,cluster1,149,842,6312,0.0731707317073171,0.744897959183674,-20.9749683411111,42.9434386655555,-0.532489035555556,0.365362191666666,-0.511584593685637,0.438198353730159,-0.671727227476356
150,cluster1,150,842,6341,0.219512195121951,0.897959183673469,-2.26776134777778,85.0727285944444,-0.144903042222222,0.834955259444445,-0.0553112523848239,0.868089067290249,-0.678446988551518
151,cluster1,151,842,6405,0.024390243902439,0.693877551020408,-23.0969303688889,29.5817227855555,-0.591467968888889,0.260618595555556,-0.563339765094851,0.301854314138322,-0.669487307117969
152,cluster1,152,842,6433,0.0731707317073171,0.73469387755102,-18.136888191746,47.1416265485714,-0.465189519920635,0.503294919444445,-0.442363126627952,0.481037005597667,-0.661523145843703
153,cluster1,153,842,6477,0.121951219512195,0.795918367346939,-13.4328924488889,74.8761199566666,-0.339932962222223,0.852238948333333,-0.327631523143631,0.764042040374149,-0.673967147834744
154,cluster1,154,842,6516,0.0731707317073171,0.73469387755102,-20.1442356244445,44.58358513,-0.53208995,0.478994133888885,-0.491322820108401,0.454934542142857,-0.661523145843703
155,cluster1,155,842,6601,0.121951219512195,0.785714285714286,-13.4021402322222,54.4846429144444,-0.335757451111111,0.519312825555556,-0.326881469078591,0.555965744024943,-0.663763066202091
156,cluster1,156,842,6731,0.195121951219512,0.857142857142857,-12.9267719944445,67.3762328533333,-0.357214793333334,0.686735845555559,-0.315287121815718,0.687512580136054,-0.662020905923345
157,cluster1,157,842,6834,0.0975609756097561,0.775510204081633,-20.7620911733333,63.6731163633333,-0.529158904444444,0.694463063333335,-0.506392467642277,0.649725677176871,-0.677949228471877
158,cluster1,158,842,6835,0.170731707317073,0.846938775510204,-12.4058941088889,64.6843767633333,-0.317955564444444,0.652113085555556,-0.302582783143632,0.66004466085034,-0.676207068193131
159,cluster1,159,842,6877,0.0731707317073171,0.744897959183674,-24.4588121566667,38.4584019188889,-0.64164446777778,0.416693156666668,-0.596556394065041,0.392432672641723,-0.671727227476356
160,cluster1,160,842,6899,0.0975609756097561,0.816326530612245,-14.5435235033333,58.8341360455555,-0.426045888888889,0.598911910555552,-0.354720085447155,0.600348326995465,-0.718765555002489
161,cluster1,161,842,6986,0.121951219512195,0.816326530612245,-13.9015188644444,62.22339854,-0.4268003,0.616017661111112,-0.339061435718157,0.634932638163265,-0.69437531110005
162,cluster1,162,842,6988,0.0731707317073171,0.73469387755102,-23.7138784033333,42.14515865,-0.502544044444445,0.430540436111113,-0.578387278130082,0.430052639285714,-0.661523145843703
163,cluster1,163,842,7006,0.170731707317073,0.857142857142857,-11.1794868488889,64.38717912,-0.333731574444445,0.652481787222219,-0.27267041094851,0.657012031836735,-0.686411149825784
164,cluster1,164,842,7033,0.0975609756097561,0.795918367346939,-17.5341210766667,68.9620364322222,-0.31498885,0.738667530555555,-0.427661489674797,0.70369424930839,-0.698357391737183
165,cluster1,165,842,7045,0.195121951219512,0.877551020408163,-7.39380807777778,77.7180044088889,-0.206373401111111,0.757942681666665,-0.180336782384824,0.793040861315193,-0.682429069188651
166,cluster1,166,842,7118,0.170731707317073,0.836734693877551,-11.24018062,69.4187245233333,-0.329578632222223,0.659999650555556,-0.274150746829268,0.708354331870748,-0.666002986560478
167,cluster1,167,842,7157,0.121951219512195,0.816326530612245,-11.4667739888889,57.2113372766666,-0.289975987777778,0.640076182222218,-0.279677414363144,0.583789155884353,-0.69437531110005
168,cluster1,168,842,7163,0.0975609756097561,0.76530612244898,-18.0215970655556,52.9707340311111,-0.457813433333334,0.45696741388889,-0.43955114794038,0.540517694195011,-0.667745146839223
169,cluster1,169,842,7448,0.146341463414634,0.857142857142857,-8.98491471333333,67.34198962,-0.209324266666667,0.697363432222223,-0.219144261300813,0.687163159387755,-0.710801393728223
170,cluster1,170,842,7467,0.0731707317073171,0.744897959183674,-17.9684486433333,46.8307723877777,-0.490819171111111,0.485522537777778,-0.43825484495935,0.477865024365079,-0.671727227476356
171,cluster1,171,842,7497,0.268292682926829,0.938775510204082,-3.50739076333334,86.1028132433333,-0.130017788888889,0.832041112222221,-0.0855461161788619,0.878600135136054,-0.670482827277252
172,cluster1,172,842,7530,0.146341463414634,0.826530612244898,-15.6412392533333,65.4279394277778,-0.407681721111111,0.588865321666666,-0.381493640325203,0.667632034977324,-0.680189148830264
173,cluster1,173,842,7669,0.0731707317073171,0.755102040816326,-14.9793001144445,51.3544716411111,-0.435056971111111,0.55107407722222,-0.365348783279133,0.524025220827664,-0.681931309109009
174,cluster1,174,842,7852,0.146341463414634,0.816326530612245,-14.2832471155556,69.8839496288889,-0.279418704444445,0.736066445555555,-0.348371880867209,0.713101526825397,-0.669985067197611
175,cluster1,175,842,7918,0.0731707317073171,0.744897959183674,-19.3434318211111,45.2377579522222,-0.476521568888889,0.391370282777779,-0.4717910200271,0.461609775022676,-0.671727227476356
176,cluster1,176,842,7930,0.146341463414634,0.826530612244898,-13.2330145844444,57.5309752477778,-0.340725344444444,0.592809006666667,-0.322756453279133,0.587050767834467,-0.680189148830264
177,cluster1,177,842,8142,0.121951219512195,0.785714285714286,-15.2770208088889,47.4007289133333,-0.433624263333334,0.494727979999998,-0.372610263631436,0.483680907278911,-0.663763066202091
178,cluster1,178,842,8146,0.219512195121951,0.908163265306122,-11.4282082255556,80.5271491444444,-0.257580312222222,0.759012572777777,-0.27873678598916,0.821705603514739,-0.688651070184171
179,cluster1,179,842,8303,0.0487804878048781,0.724489795918367,-20.7582451188889,40.8847452688889,-0.564163072222222,0.391856520555554,-0.506298661436314,0.417191278253968,-0.675709308113489
180,cluster1,180,842,8485,0.24390243902439,0.918367346938776,-7.20990869666667,75.4775017188889,-0.157310206666667,0.800712230555556,-0.175851431626016,0.770178588968254,-0.674464907914385
181,cluster1,181,842,8516,0.0731707317073171,0.744897959183674,-17.0166789566667,46.5347121077778,-0.392401715555556,0.423241426111111,-0.415040950162602,0.474844001099773,-0.671727227476356
182,cluster1,182,842,8529,0.0731707317073171,0.775510204081633,-18.4472854855556,50.0336072233333,-0.454991461111111,0.55460986166667,-0.449933792330623,0.510547012482993,-0.702339472374316
183,cluster1,183,842,8802,0.0487804878048781,0.724489795918367,-21.1474556411111,47.8004887377778,-0.514746267777781,0.42438732111111,-0.51579160100271,0.487760089160998,-0.675709308113489
184,cluster1,184,842,8842,0.170731707317073,0.836734693877551,-14.1308174066667,59.2991413811111,-0.339095308888889,0.568658922222223,-0.344654083089431,0.605093279399093,-0.666002986560478
185,cluster1,185,842,8866,0.195121951219512,0.86734693877551,-15.20849456,68.6630334533333,-0.392492662222222,0.630174944444443,-0.370938891707317,0.700643198503401,-0.672224987555998
186,cluster1,186,842,8909,0.024390243902439,0.73469387755102,-22.7914975277778,42.9609214955555,-0.498986083333334,0.502637546666665,-0.555890183604336,0.438376749954648,-0.710303633648581
187,cluster1,187,842,8911,0.121951219512195,0.785714285714286,-20.2917212333333,63.5699409822222,-0.533460173333334,0.641170197222224,-0.494920030081301,0.648672867165533,-0.663763066202091
188,cluster1,188,842,8919,0.195121951219512,0.857142857142857,-9.90598720444445,70.7501311633333,-0.263518638888889,0.73042580111111,-0.24160944401084,0.721940113911564,-0.662020905923345
189,cluster1,189,842,8920,0.24390243902439,0.928571428571429,-2.42901712666667,85.4625697755555,-0.168040105555556,0.853797632222222,-0.0592443201626017,0.872067038526077,-0.684668989547038
190,cluster1,190,842,8923,0.0731707317073171,0.755102040816326,-14.9247889111111,51.8016817922222,-0.35510106,0.50585010611111,-0.364019241734417,0.528588589716553,-0.681931309109009
191,cluster1,191,842,8979,0.195121951219512,0.857142857142857,-7.28913211888889,65.78981447,-0.230175258650793,0.662613780595237,-0.177783710216802,0.671324637448979,-0.662020905923345
192,cluster1,192,842,8983,0.195121951219512,0.877551020408163,-10.99252149,74.8796470077777,-0.259245152222222,0.781033148888889,-0.268110280243902,0.76407803069161,-0.682429069188651
193,cluster1,193,842,8987,0.121951219512195,0.806122448979592,-21.1938576222222,64.4204682177778,-0.499122353333333,0.675380649444445,-0.516923356639567,0.657351716507936,-0.684171229467397
194,cluster1,194,842,9032,0.0487804878048781,0.714285714285714,-21.2399787944445,40.29636076,-0.519399098888889,0.428721771666666,-0.518048263279133,0.411187354693877,-0.665505226480836
195,cluster1,195,842,9047,0.195121951219512,0.857142857142857,-10.6470760011111,69.5759721144444,-0.293227557777778,0.679067413333333,-0.259684780514905,0.709958899126984,-0.662020905923345
196,cluster1,196,842,9127,0.146341463414634,0.836734693877551,-12.0348160288889,65.4090708533333,-0.278062332222223,0.664894213888887,-0.293532098265583,0.667439498503401,-0.690393230462917
197,cluster1,197,842,9227,0,0.663265306122449,-25.4633362688889,22.0756560244444,-0.625380711111114,0.239948759444444,-0.621056982168022,0.2252617961678,-0.663265306122449
198,cluster1,198,842,9305,0.0975609756097561,0.76530612244898,-19.2996011933333,46.1602760733333,-0.494721252222222,0.485413295555553,-0.470721980325203,0.471023225238095,-0.667745146839223
199,cluster1,199,842,9412,0.0731707317073171,0.755102040816326,-21.8293647911111,51.5317100333333,-0.551287406666667,0.542527972777776,-0.532423531490515,0.52583377585034,-0.681931309109009
200,cluster1,200,842,9610,0.170731707317073,0.857142857142857,-13.7239581424603,63.4910401507143,-0.348788725634921,0.570703247182542,-0.334730686401471,0.647867756639942,-0.686411149825784
201,cluster1,201,842,9685,0.146341463414634,0.816326530612245,-15.6265375011111,52.3005082333333,-0.361799996666667,0.485612124444445,-0.38113506100271,0.533678655442177,-0.669985067197611
202,cluster1,202,842,9692,0.121951219512195,0.785714285714286,-16.4512325666667,59.4478911033333,-0.334250935555556,0.643399602222225,-0.401249574796748,0.606611133707483,-0.663763066202091
203,cluster1,203,842,9719,0.170731707317073,0.836734693877551,-11.17138555,59.9615681466667,-0.297776936666666,0.613157616666665,-0.272472818292683,0.611852736190476,-0.666002986560478
204,cluster1,204,842,9783,0.121951219512195,0.857142857142857,-7.34032679777778,59.7458122844444,-0.192875133333334,0.532951883333334,-0.179032360921409,0.609651145759637,-0.735191637630662
205,cluster1,205,842,9848,0.121951219512195,0.806122448979592,-14.6253861322222,53.2275046622222,-0.427879781111111,0.55565598222222,-0.356716734932249,0.543137802675737,-0.684171229467397
206,cluster1,206,842,10067,0.219512195121951,0.897959183673469,-2.21422653888889,82.3846205377777,-0.10343521,0.846131093888886,-0.0540055253387534,0.84065939324263,-0.678446988551518
207,cluster1,207,842,10079,0.024390243902439,0.693877551020408,-21.2935062422222,36.3161063422222,-0.5396206,0.37488039055555,-0.519353810785908,0.370572513696145,-0.669487307117969
208,cluster1,208,842,10099,0.195121951219512,0.877551020408163,-8.37947789111112,67.0769967977778,-0.266270876666667,0.644193634444442,-0.204377509539295,0.684459150997732,-0.682429069188651
209,cluster1,209,842,10162,0.146341463414634,0.836734693877551,-10.6355701277778,62.77665062,-0.286035534444444,0.59606205611111,-0.259404149457995,0.64057806755102,-0.690393230462917
210,cluster1,210,842,10170,0.219512195121951,0.887755102040816,-12.5488822722222,72.7849780077778,-0.266687787777778,0.684334837777777,-0.306070299322493,0.742703857222222,-0.668242906918865
211,cluster1,211,842,10215,0.219512195121951,0.887755102040816,-9.81619257333334,68.6075878677778,-0.282008898888889,0.657028915555557,-0.239419331056911,0.700077427222222,-0.668242906918865
212,cluster1,212,842,10299,0.0731707317073171,0.76530612244898,-20.1285190733333,46.1133838788889,-0.504619386666667,0.417459640555556,-0.490939489593496,0.47054473345805,-0.692135390741663
213,cluster1,213,842,10316,0.195121951219512,0.897959183673469,-5.48651579444445,79.8382222566667,-0.188770243333333,0.833421732777779,-0.133817458401084,0.814675737312925,-0.702837232453957
214,cluster1,214,842,10356,0.146341463414634,0.816326530612245,-9.37350580666667,66.5510621222222,-0.222396188888889,0.701640220555555,-0.228622092845528,0.67909247063492,-0.669985067197611
215,cluster1,215,842,10388,0.0731707317073171,0.744897959183674,-21.2107070955556,42.1347237477778,-0.540350245555556,0.45264738111111,-0.517334319403794,0.42994616069161,-0.671727227476356
216,cluster1,216,842,10398,0.121951219512195,0.785714285714286,-12.79794859,59.3543706877778,-0.294086027777778,0.579993054444444,-0.312145087560976,0.605656843752834,-0.663763066202091
217,cluster1,217,842,10419,0.24390243902439,0.908163265306122,-11.8065485011111,85.9803733777778,-0.310741276666667,0.939154508333333,-0.287964597588076,0.877350748752834,-0.664260826281732
218,cluster1,218,842,10422,0.170731707317073,0.86734693877551,-10.2223768111111,69.2822675977778,-0.282161648888889,0.690945113333334,-0.249326263685637,0.706961914263038,-0.696615231458437
219,cluster1,219,842,10428,0.146341463414634,0.826530612244898,-11.91225783,62.2656247422222,-0.26128164,0.559940271666666,-0.290542873902439,0.635363517777778,-0.680189148830264
220,cluster1,220,842,10469,0.170731707317073,0.877551020408163,-8.23187816,76.4251329144444,-0.207636683333334,0.75182859777778,-0.200777516097561,0.779848295045351,-0.70681931309109
221,cluster1,221,842,10543,0.170731707317073,0.846938775510204,-13.7008250144445,64.4340736533333,-0.375527963333334,0.631644665000002,-0.334166463766938,0.657490547482993,-0.676207068193131
222,cluster1,222,842,10574,0.0975609756097561,0.785714285714286,-14.4348549022222,52.4363311055555,-0.39716147,0.538560509444444,-0.352069631761518,0.535064603117914,-0.68815331010453
223,cluster1,223,842,10876,0.121951219512195,0.785714285714286,-15.2255094455556,55.7413611966667,-0.427970002222223,0.541212874444445,-0.371353888915989,0.568789399965986,-0.663763066202091
224,cluster1,224,842,10973,0.195121951219512,0.877551020408163,-6.77049150444445,72.7608195711111,-0.201495158888889,0.771019987777774,-0.165133939132791,0.742457342562358,-0.682429069188651
225,cluster1,225,842,10983,0.195121951219512,0.857142857142857,-10.5711312966667,67.9141412277778,-0.322212507777778,0.706883656666665,-0.257832470650407,0.693001441099773,-0.662020905923345
226,cluster1,226,842,11155,0.170731707317073,0.846938775510204,-16.8867095566667,84.5834998933333,-0.441582455555556,0.909924351666666,-0.411870964796748,0.863096937687075,-0.676207068193131
227,cluster1,227,842,11211,0.146341463414634,0.826530612244898,-15.5188360355556,55.8111566311111,-0.347965,0.631576053888889,-0.37850819598916,0.569501598276644,-0.680189148830264
228,cluster1,228,842,11282,0,0.683673469387755,-27.4862847955556,40.1555586355555,-0.662827165555555,0.40234149,-0.670397190135501,0.409750598321995,-0.683673469387755
229,cluster1,229,842,11362,0,0.714285714285714,-19.3533745333333,38.1835369477778,-0.516325318888888,0.376458845,-0.472033525203252,0.389627928038549,-0.714285714285714
230,cluster1,230,842,11468,0.121951219512195,0.785714285714286,-17.6914654466667,58.1928682177778,-0.451002637777778,0.567677976666669,-0.431499157235772,0.593804777732426,-0.663763066202091
231,cluster1,231,842,11618,0.0731707317073171,0.76530612244898,-19.7216820566667,37.3996772033333,-0.49917701,0.318930356666666,-0.481016635528456,0.381629359217687,-0.692135390741663
232,cluster1,232,842,11626,0.0487804878048781,0.724489795918367,-19.798861109798,44.9793196290909,-0.574900682222222,0.445151009292931,-0.482899051458487,0.458972649276437,-0.675709308113489
233,cluster1,233,842,11634,0.146341463414634,0.816326530612245,-13.5689107133333,58.9455160488889,-0.37317498,0.58931343,-0.330949041788618,0.601484857641723,-0.669985067197611
234,cluster1,234,842,11731,0.0975609756097561,0.816326530612245,-17.646267751746,49.8248969885714,-0.45120763531746,0.452568473055555,-0.43039677443283,0.508417316209912,-0.718765555002489
235,cluster1,235,842,11758,0.024390243902439,0.704081632653061,-25.8439862611111,36.5081084611111,-0.65248837,0.349916203333335,-0.630341128319784,0.372531718990929,-0.679691388750622
236,cluster1,236,842,11766,0.0731707317073171,0.775510204081633,-19.6758201688889,54.69094828,-0.484245935555556,0.524121168333332,-0.479898052899729,0.558070900816326,-0.702339472374316
237,cluster1,237,842,11855,0.170731707317073,0.846938775510204,-10.2082036544444,71.2321823877778,-0.277063465555555,0.720460645555555,-0.248980576937669,0.726859003956916,-0.676207068193131
238,cluster1,238,842,12024,0.24390243902439,0.918367346938776,-17.4624868233333,87.0217691133333,-0.243874125555556,0.898317067777778,-0.425914312764228,0.88797723585034,-0.674464907914385
239,cluster1,239,842,12033,0.195121951219512,0.86734693877551,-7.56553596960318,81.8599884257143,-0.292907156904762,0.834359631150793,-0.184525267551297,0.835306004344023,-0.672224987555998
240,cluster1,240,842,12140,0.0731707317073171,0.744897959183674,-22.6172023411111,47.8375383244444,-0.579393023333334,0.520127057222222,-0.551639081490515,0.4881381461678,-0.671727227476356
241,cluster1,241,842,12164,0.0487804878048781,0.744897959183674,-22.6124772066667,42.9877162755555,-0.457980431111111,0.405359138333331,-0.551523834308943,0.438650166077097,-0.696117471378795
242,cluster1,242,842,12259,0.195121951219512,0.86734693877551,-8.27542723555556,67.4045716355555,-0.241464232222222,0.688545081111112,-0.201839688672087,0.68780175138322,-0.672224987555998
243,cluster1,243,842,12290,0.195121951219512,0.86734693877551,-11.6856156066667,71.2404237588889,-0.298178718888889,0.675823998333332,-0.285015014796748,0.726943099580499,-0.672224987555998
244,cluster1,244,842,12324,0.195121951219512,0.857142857142857,-12.9576495422222,64.3457968766666,-0.367582617777777,0.630009284444444,-0.316040232737128,0.656589764047619,-0.662020905923345
245,cluster1,245,842,12338,0.195121951219512,0.857142857142857,-6.87067344888889,67.8035307344444,-0.203547276666666,0.682139089444442,-0.167577401192412,0.691872762596372,-0.662020905923345
246,cluster1,246,842,12350,0.146341463414634,0.816326530612245,-9.16323173222223,62.4034574855555,-0.286993335555556,0.656263299444443,-0.223493456883469,0.636769974342403,-0.669985067197611
247,cluster1,247,842,12441,0.195121951219512,0.857142857142857,-8.38828296555556,71.9296547133333,-0.26765065,0.739674603333333,-0.204592267452575,0.733976068503401,-0.662020905923345
248,cluster1,248,842,12459,0.24390243902439,0.908163265306122,-8.22046112333334,78.5765649711111,-0.178420377777778,0.784155427777777,-0.200499051788618,0.801801683378685,-0.664260826281732
249,cluster1,249,842,12473,0.121951219512195,0.806122448979592,-12.5703188777778,56.2811145822222,-0.34434921,0.529117455555554,-0.306593143360434,0.574297087573696,-0.684171229467397
250,cluster1,250,842,12475,0.0975609756097561,0.775510204081633,-14.2423259266667,47.3923493433333,-0.348290682222222,0.466856568333335,-0.347373803089431,0.483595401462585,-0.677949228471877
251,cluster1,251,842,12531,0.146341463414634,0.816326530612245,-17.3319416,53.9387819155555,-0.414624705555556,0.535414549444444,-0.42273028292683,0.550395733832199,-0.669985067197611
252,cluster1,252,842,12545,0.0975609756097561,0.76530612244898,-17.8525780488889,44.7431219088889,-0.452442482222222,0.436515210555557,-0.435428732899729,0.45656246845805,-0.667745146839223
253,cluster1,253,842,12581,0.170731707317073,0.836734693877551,-9.12416636777778,62.2193910244444,-0.290270823333333,0.597186656111111,-0.222540643116531,0.634891745147392,-0.666002986560478
254,cluster1,254,842,12582,0.146341463414634,0.826530612244898,-13.5690452366667,62.1039562855555,-0.410475974444445,0.612816237777776,-0.330952322845529,0.633713839648526,-0.680189148830264
255,cluster1,255,851,11228,0.853658536585366,0.183673469387755,13.8691735722222,-28.7032417755555,0.19821194666667,-0.264493908333335,0.338272526151762,-0.292890222199546,0.669985067197611
256,cluster1,256,864,4070,0.219512195121951,0.897959183673469,-4.87900967333333,27.4473299288889,-0.108779065555555,0.202949697222223,-0.119000235934959,0.280074795192744,-0.678446988551518
257,cluster1,257,1006,5037,0.268292682926829,0.928571428571429,-11.5790218611111,28.1374168766667,-0.0988348977777778,0.270164861111111,-0.282415167344173,0.287116498741497,-0.660278745644599
258,cluster1,258,1056,11155,0.195121951219512,0.887755102040816,-11.4289482833333,24.3890511911111,-0.24852836,0.268410164444444,-0.278754836178862,0.248867869297052,-0.692633150821304
259,cluster1,259,1178,1787,0.878048780487805,0.214285714285714,12.9845051255556,-68.2788095455555,0.329222751111111,-0.629569243888889,0.31669524696477,-0.69672254638322,0.663763066202091
260,cluster1,260,1261,11155,0.24390243902439,0.938775510204082,-10.6826402277778,38.0135574511111,-0.170206191111111,0.364659093888889,-0.260552200677507,0.387893443378685,-0.694873071179691
261,cluster1,261,1295,4730,0.170731707317073,0.846938775510204,-4.85856347222222,19.0298948433333,-0.0809724222222222,0.156610083888889,-0.118501548102981,0.194182600442177,-0.676207068193131
262,cluster1,262,1512,2070,0.146341463414634,0.826530612244898,-16.1689466555555,33.6845950144444,-0.30859924333333,0.394077361666669,-0.394364552574526,0.343720357290249,-0.680189148830264
263,cluster1,263,1512,2328,0.0731707317073171,0.775510204081633,-23.3805088688889,54.1409103944444,-0.44624084444444,0.481149983333336,-0.570256313875339,0.552458269331066,-0.702339472374316
264,cluster1,264,1512,6117,0.0975609756097561,0.775510204081633,-18.6907473422222,27.2779378466667,-0.405329718888887,0.312895542777774,-0.455871886395665,0.278346304557823,-0.677949228471877
265,cluster1,265,1524,2328,0.024390243902439,0.704081632653061,-30.1467738688889,45.6645725744444,-0.670778061111111,0.552757855555553,-0.735287167533875,0.465965026269841,-0.679691388750622
266,cluster1,266,1551,1787,0.926829268292683,0.23469387755102,16.1774004133333,-68.7840217177778,0.307144933333333,-0.765523836111111,0.394570741788618,-0.701877772630385,0.692135390741663
267,cluster1,267,1599,3568,0.731707317073171,0.0510204081632653,28.39532001,-82.0740675666667,0.21251513333334,-0.751487338333335,0.692568780731707,-0.83749048537415,0.680686908909905
268,cluster1,268,1599,3864,0.731707317073171,0.0612244897959184,21.9973386011111,-62.83511994,0.2867331,-0.533174628888885,0.536520453685636,-0.641174693265306,0.670482827277252
269,cluster1,269,1787,1983,0.170731707317073,0.836734693877551,-6.94804649888889,95.8306224533333,-0.152317741111111,0.953435999444444,-0.169464548753388,0.977863494421769,-0.666002986560478
270,cluster1,270,1787,2626,0.121951219512195,0.795918367346939,-6.84676597444444,73.4418459722222,-0.237023533333334,0.719536896666668,-0.166994292059621,0.749406591553288,-0.673967147834744
271,cluster1,271,1787,2786,0.146341463414634,0.816326530612245,-4.26272748000001,81.2056722766667,-0.178515215555556,0.849736361666667,-0.103968962926829,0.828629308945578,-0.669985067197611
272,cluster1,272,1787,2944,0.170731707317073,0.836734693877551,-3.27050226777778,83.7528748655556,-0.180589792222223,0.816184880555556,-0.07976834799458,0.854621172097506,-0.666002986560478
273,cluster1,273,1787,3242,0.146341463414634,0.826530612244898,-5.07769209666667,85.0053432288889,-0.219201063333333,0.905576555000001,-0.123846148699187,0.867401461519274,-0.680189148830264
274,cluster1,274,1787,3292,0.0975609756097561,0.806122448979592,-13.1756333366667,74.0778768866667,-0.260320258888889,0.788247062222222,-0.321356910650407,0.75589670292517,-0.708561473369836
275,cluster1,275,1787,3335,0.121951219512195,0.785714285714286,-8.73029287333333,74.2111372488889,-0.311405256666666,0.785640306111111,-0.212933972520325,0.757256502539682,-0.663763066202091
276,cluster1,276,1787,3501,0.219512195121951,0.897959183673469,-4.10695366777778,92.5404164077778,-0.153302845555556,0.937551647222223,-0.100169601653117,0.944289963344671,-0.678446988551518
277,cluster1,277,1787,3682,0.121951219512195,0.785714285714286,-9.86737727333334,73.8919879311111,-0.320667391111111,0.786238000000001,-0.240667738373984,0.753999876848072,-0.663763066202091
278,cluster1,278,1787,4173,0.195121951219512,0.857142857142857,-4.59659465222223,97.9686314977778,-0.179540058888889,1.02149938611111,-0.112112064688347,0.99967991324263,-0.662020905923345
279,cluster1,279,1787,4609,0.121951219512195,0.785714285714286,-19.4917151122222,66.9142926577778,-0.501503966666667,0.57198573611111,-0.475407685663957,0.682798904671202,-0.663763066202091
280,cluster1,280,1787,5194,0.0975609756097561,0.76530612244898,-9.42780966777778,63.4266545455556,-0.258654557777778,0.57806532722222,-0.229946577262873,0.647210760668934,-0.667745146839223
281,cluster1,281,1787,5604,0.219512195121951,0.887755102040816,-3.78257770888889,90.96928871,-0.106107497777778,0.965519808888888,-0.0922579928997291,0.928258048061224,-0.668242906918865
282,cluster1,282,1787,7579,0.146341463414634,0.826530612244898,-5.06160124444445,80.6659335155556,-0.148360133333333,0.833733138888889,-0.123453688888889,0.823121770566893,-0.680189148830264
283,cluster1,283,1787,8132,0.170731707317073,0.877551020408163,-8.61656328555556,84.8676805177778,-0.187094183333333,0.912492946666667,-0.210160080135501,0.865996739977324,-0.70681931309109
284,cluster1,284,1787,8429,0.195121951219512,0.857142857142857,-5.02274699888889,85.3428924911111,-0.157131857777778,0.903779236111109,-0.122506024363144,0.870845841746032,-0.662020905923345
285,cluster1,285,1787,9189,0.24390243902439,0.948979591836735,-1.53996965333334,95.7149056333333,-0.0843419344444448,0.944702122222223,-0.0375602354471546,0.976682710544218,-0.705077152812345
286,cluster1,286,1787,9433,0.195121951219512,0.897959183673469,-1.98876042333333,92.0257485611111,-0.14299325,1.02400781777778,-0.0485063517886179,0.939038250623583,-0.702837232453957
287,cluster1,287,1787,9434,0.146341463414634,0.816326530612245,-5.56398099,74.3947974677778,-0.207460364444444,0.806138988888891,-0.135706853414634,0.759130586405896,-0.669985067197611
288,cluster1,288,1787,10278,0.121951219512195,0.785714285714286,-12.3826231177778,68.4571815788889,-0.336874621111111,0.708680749999998,-0.30201519799458,0.698542669172336,-0.663763066202091
289,cluster1,289,1787,11511,0.0487804878048781,0.73469387755102,-40.0094512688889,62.5303079877778,-0.670327904444444,0.590010370555556,-0.975840274850949,0.638064367222222,-0.685913389746142
290,cluster1,290,1787,12003,0.121951219512195,0.785714285714286,-5.89781248777778,83.1355584522222,-0.195654502222222,0.808278303333334,-0.143849085067751,0.848322025022676,-0.663763066202091
291,cluster1,291,1787,12024,0.0975609756097561,0.76530612244898,-27.5523546344444,68.1412684166667,-0.529151678888889,0.636140650555553,-0.672008649620596,0.69531906547619,-0.667745146839223
292,cluster1,292,1787,12367,0.170731707317073,0.836734693877551,-6.79552052444444,75.9307424755555,-0.254388815555556,0.854411952222221,-0.16574440303523,0.774803494648526,-0.666002986560478
293,cluster1,293,1787,12420,0.170731707317073,0.846938775510204,-7.18187076555556,94.5628191644444,-0.184013831111111,0.927737517222223,-0.175167579647697,0.9649267261678,-0.676207068193131
294,cluster1,294,1787,12541,0.0731707317073171,0.775510204081633,-16.7294881144444,69.4505050566667,-0.422515414444445,0.734111400555553,-0.408036295474255,0.708678623027211,-0.702339472374316
295,cluster1,295,1787,12562,0.121951219512195,0.795918367346939,-8.09741851444445,79.1763960022222,-0.275397987777778,0.889671056111108,-0.197498012547426,0.807922408185941,-0.673967147834744
296,cluster1,296,1787,12591,0.0975609756097561,0.836734693877551,-10.11304015,86.2869564788889,-0.281642873333333,0.858238300555556,-0.246659515853659,0.880479147743764,-0.739173718267795
297,cluster1,297,2101,7766,0.195121951219512,0.857142857142857,-12.4361928588889,33.1060820155555,-0.28048612777778,0.327993619444443,-0.30332177704607,0.337817163424036,-0.662020905923345
298,cluster1,298,2116,8670,0.853658536585366,0.173469387755102,5.82657580777778,-31.6221849188889,0.182960184444444,-0.296493904444445,0.142111605067751,-0.322675356315193,0.680189148830264
299,cluster1,299,2232,8332,0.804878048780488,0.122448979591837,10.0766911811111,-61.8408063044444,0.30717246444444,-0.647894177222225,0.245772955636857,-0.631028635759637,0.682429069188651
300,cluster1,300,2328,5221,0.902439024390244,0.173469387755102,15.1806488377777,-64.1587415155555,0.230239092222222,-0.621739061666663,0.370259727750677,-0.654681035873015,0.728969636635142
301,cluster1,301,2328,7997,0.853658536585366,0.142857142857143,20.1520765833333,-55.4506685822222,0.251353338888889,-0.515975984444444,0.49151406300813,-0.565823148798186,0.710801393728223
302,cluster1,302,2405,12071,0.951219512195122,0.26530612244898,7.12656925333333,-31.5615524511111,0.189719321111111,-0.227022836111111,0.173818762276423,-0.322056657664399,0.685913389746142
303,cluster1,303,2407,6935,0.926829268292683,0.26530612244898,20.0163294966667,-54.1371872855556,0.510094021111111,-0.552595,0.488203158455285,-0.552420278424036,0.661523145843703
304,cluster1,304,2636,8332,0.804878048780488,0.102040816326531,12.4484837966667,-57.7186008566666,0.17550428555556,-0.560086798333335,0.303621556016261,-0.588965314863945,0.702837232453957
305,cluster1,305,2683,10051,0.170731707317073,0.836734693877551,-11.3324195555556,22.2878523488889,-0.235017892222222,0.252781090555556,-0.27640047696477,0.22742706478458,-0.666002986560478
306,cluster1,306,2730,6935,0.926829268292683,0.26530612244898,24.7488124666667,-69.0800043377778,0.574244678888887,-0.680488757777779,0.603629572357724,-0.704898003446712,0.661523145843703
307,cluster1,307,2745,9705,0.195121951219512,0.86734693877551,-11.9347253944444,37.2327710255556,-0.255786013333331,0.330225478333334,-0.291090863279132,0.379926234954649,-0.672224987555998
308,cluster1,308,2796,6935,0.902439024390244,0.214285714285714,23.5821845,-69.4447486433333,0.469860372222222,-0.654304446111109,0.575175231707317,-0.708619884115646,0.68815331010453
309,cluster1,309,2815,8670,0.829268292682927,0.0918367346938776,9.17418143444445,-39.0419006666667,0.238299027777778,-0.338536092222223,0.223760522791328,-0.398386741496599,0.737431557989049
310,cluster1,310,2815,10962,0.878048780487805,0.214285714285714,7.37057340222222,-15.3289703433333,0.123990097777778,-0.1157117,0.17977008298103,-0.156418064727891,0.663763066202091
311,cluster1,311,2912,11743,0.902439024390244,0.214285714285714,8.68379186111112,-19.3455606922222,0.213190088888889,-0.142813081666667,0.211799801490515,-0.19740368053288,0.68815331010453
312,cluster1,312,3064,8186,0.780487804878049,0.112244897959184,7.41278287777779,-25.3188155344444,0.180868512222222,-0.250481847222222,0.180799582384824,-0.258355260555556,0.668242906918865
313,cluster1,313,3064,8670,0.804878048780488,0.13265306122449,9.66652684000001,-42.9634679622222,0.187512813333333,-0.457469946111111,0.235768947317073,-0.43840273430839,0.672224987555998
314,cluster1,314,3093,6837,0.146341463414634,0.816326530612245,-15.2248577933334,44.2389392222222,-0.277812740000001,0.355500395555556,-0.37133799495935,0.451417747165533,-0.669985067197611
315,cluster1,315,3093,11155,0.170731707317073,0.857142857142857,-10.92373827,48.4513815766667,-0.220700373333338,0.384423883333333,-0.266432640731708,0.494401852823129,-0.686411149825784
316,cluster1,316,3205,11155,0.0731707317073171,0.755102040816326,-14.5955797266667,16.2643083411111,-0.282801426666667,0.167944382777778,-0.355989749430894,0.165962330011338,-0.681931309109009
317,cluster1,317,3214,6935,0.951219512195122,0.285714285714286,18.54799774,-62.1836005222222,0.47036543,-0.702205333333334,0.452390188780488,-0.634526535941043,0.665505226480836
318,cluster1,318,3280,7042,0.731707317073171,0.0714285714285714,9.81560172111111,-33.2270194155556,0.243227325555556,-0.342930653333333,0.2394049200271,-0.339051218526077,0.660278745644599
319,cluster1,319,3299,11451,0.219512195121951,0.887755102040816,-14.0927526366667,88.9663482522223,-0.17671080333334,0.882442355,-0.343725674065041,0.907819880124717,-0.668242906918865
320,cluster1,320,3432,8670,0.878048780487805,0.214285714285714,8.74020616111111,-28.3683947488889,0.175986042222222,-0.271585031666667,0.2131757600271,-0.289473415804989,0.663763066202091
321,cluster1,321,3915,12271,0.0975609756097561,0.76530612244898,-3.02286554,15.8838358044444,-0.075386812222222,0.0821947627777777,-0.0737284278048781,0.162079957188209,-0.667745146839223
322,cluster1,322,4070,8670,0.75609756097561,0.0918367346938776,8.08634656888889,-39.9607762244444,0.189477411111111,-0.402343026666667,0.197227965094851,-0.407763022698413,0.664260826281732
323,cluster1,323,4330,4583,0.829268292682927,0.163265306122449,13.6918097655555,-27.8099096966667,0.28946868888889,-0.24652648222222,0.333946579647696,-0.283774588741497,0.666002986560478
324,cluster1,324,4640,11451,0.170731707317073,0.846938775510204,-8.86751335222221,70.7887472255556,-0.15069927777778,0.577753325555555,-0.216280813468834,0.722334155362813,-0.676207068193131
325,cluster1,325,4759,6935,0.902439024390244,0.23469387755102,16.3566599244445,-66.0440327322222,0.445974297777778,-0.51799556888889,0.39894292498645,-0.673918701349206,0.667745146839223
326,cluster1,326,4767,6837,0.0731707317073171,0.775510204081633,-23.5273751233334,46.6420083888889,-0.492780835555556,0.467483971666667,-0.573838417642277,0.475938861111111,-0.702339472374316
327,cluster1,327,4767,11496,0.170731707317073,0.908163265306122,-8.77272931333334,61.6602024622222,-0.257560037777778,0.520792809444445,-0.213969007642277,0.629185739410431,-0.737431557989049
328,cluster1,328,5065,11743,0.780487804878049,0.0918367346938776,3.28798829666667,-25.68026043,0.053753908888889,-0.222172347777778,0.0801948365040651,-0.26204347377551,0.688651070184171
329,cluster1,329,5186,11155,0.170731707317073,0.846938775510204,-11.1014479088889,21.0507691722222,-0.205817638888889,0.247490301111112,-0.270767022168022,0.214803767063492,-0.676207068193131
330,cluster1,330,5215,8670,0.902439024390244,0.23469387755102,10.2504117011111,-23.7780129677778,0.2742204,-0.203811995555556,0.250010041490515,-0.242632785385488,0.667745146839223
331,cluster1,331,5223,6837,0.121951219512195,0.816326530612245,-14.5188270777778,38.7977755566667,-0.304279246666668,0.332251983333334,-0.354117733604336,0.395895668945579,-0.69437531110005
332,cluster1,332,5236,8670,0.829268292682927,0.163265306122449,7.20457720777778,-28.7208173811111,0.162179301111112,-0.286431449999999,0.175721395311653,-0.293069565113379,0.666002986560478
333,cluster1,333,5307,11155,0.0975609756097561,0.76530612244898,-12.9915258144444,15.8175829022222,-0.257999715555556,0.135393369444444,-0.316866483279133,0.161403907165533,-0.667745146839223
334,cluster1,334,5436,8670,0.902439024390244,0.23469387755102,9.84582930888889,-24.0476083111111,0.214336196666667,-0.233703983333333,0.240142178265583,-0.245383758276644,0.667745146839223
335,cluster1,335,6012,6935,0.902439024390244,0.23469387755102,18.6260462922222,-76.0039680711111,0.424509787777778,-0.792424308888893,0.45429381200542,-0.775550694603175,0.667745146839223
336,cluster1,336,6094,6935,0.926829268292683,0.244897959183673,15.2815900288889,-60.1000520477778,0.38096145,-0.585193506666666,0.372721708021681,-0.613265837222222,0.68193130910901
337,cluster1,337,6426,11155,0.0731707317073171,0.795918367346939,-10.0358501811111,13.6283541011111,-0.195732372222222,0.174724871666666,-0.244776833685637,0.13906483776644,-0.722747635639622
338,cluster1,338,6837,7042,0.902439024390244,0.214285714285714,20.1794611644445,-30.26850184,0.463947645555555,-0.36220946611111,0.492181979620597,-0.30886226367347,0.68815331010453
339,cluster1,339,6837,12502,0.878048780487805,0.214285714285714,16.04086151,-32.4977651144444,0.31655145,-0.345276640555556,0.391240524634147,-0.331609848106576,0.663763066202091
340,cluster1,340,6843,6935,0.829268292682927,0.153061224489796,9.90405059888889,-95.6864489933333,0.304287171111111,-1.00088574055555,0.241562209728997,-0.976392336666667,0.676207068193131
341,cluster1,341,6843,8670,0.926829268292683,0.26530612244898,15.6562741033333,-27.1831322777778,0.377865671111111,-0.315334615555556,0.38186034398374,-0.277378900793651,0.661523145843703
342,cluster1,342,6922,7042,0.75609756097561,0.0918367346938776,5.07384136666667,-34.8697232788889,0.086000657777778,-0.358361650555556,0.123752228455285,-0.355813502845805,0.664260826281732
343,cluster1,343,6935,7325,0.0731707317073171,0.73469387755102,-17.9519931788889,56.0485594588889,-0.416611185555555,0.524956442777779,-0.437853492168022,0.571924076111111,-0.661523145843703
344,cluster1,344,6935,8225,0.121951219512195,0.795918367346939,-12.04623371,63.0346483466667,-0.348892897777778,0.626210328888885,-0.293810578292683,0.643210697414966,-0.673967147834744
345,cluster1,345,6935,11155,0.121951219512195,0.816326530612245,-17.5807090155556,90.7122324477778,-0.447746376666671,0.895123755,-0.428797780867209,0.925635024977324,-0.69437531110005
346,cluster1,346,6935,11221,0.024390243902439,0.693877551020408,-23.6627225422222,46.6039191833333,-0.675082025555556,0.410855487222221,-0.577139574200542,0.475550195748299,-0.669487307117969
347,cluster1,347,6935,11785,0.146341463414634,0.836734693877551,-15.83239593,81.6975321,-0.369725335555555,0.775432462222224,-0.386155998292683,0.833648286734694,-0.690393230462917
348,cluster1,348,7020,10333,0.829268292682927,0.153061224489796,11.6221779955555,-33.9709950755556,0.244310707777778,-0.350756245555556,0.28346775598916,-0.346642806893424,0.676207068193131
349,cluster1,349,7042,7090,0.0975609756097561,0.816326530612245,-10.4163500522222,36.3013358555556,-0.260454204444444,0.347356531111111,-0.254057318346883,0.370421794444445,-0.718765555002489
350,cluster1,350,7042,10419,0.195121951219512,0.887755102040816,-10.7981805855556,35.8778176788889,-0.260421031111111,0.365792368333333,-0.263370258184282,0.366100180396826,-0.692633150821304
351,cluster1,351,7042,11155,0.121951219512195,0.816326530612245,-15.8783416411111,34.4809441944445,-0.360702535555556,0.364978757222222,-0.387276625392954,0.351846369331066,-0.69437531110005
352,cluster1,352,7042,11511,0.0975609756097561,0.826530612244898,-28.9112155422222,31.3082529855556,-0.44309788,0.322314938888889,-0.705151598590786,0.319471969240363,-0.728969636635142
353,cluster1,353,7042,11765,0.0487804878048781,0.714285714285714,-20.2187883866667,17.7026456222222,-0.457253546666667,0.206999028333333,-0.493141180162602,0.180639241043084,-0.665505226480836
354,cluster1,354,7042,11959,0.121951219512195,0.816326530612245,-8.16206913555555,29.2850653,-0.225188845555555,0.342179080555556,-0.19907485696477,0.298827196938776,-0.69437531110005
355,cluster1,355,7042,12183,0.170731707317073,0.86734693877551,-5.92124207444445,39.0187323844445,-0.093255971111111,0.399592776111111,-0.144420538401084,0.398150330453515,-0.696615231458437
356,cluster1,356,7090,11919,0.804878048780488,0.13265306122449,5.54556289777778,-25.2918687433333,0.109957162222222,-0.248210397777778,0.135257631653117,-0.25808029329932,0.672224987555998
357,cluster1,357,7274,8670,0.804878048780488,0.13265306122449,7.59153023555556,-42.9258260155556,0.191204486666667,-0.44763501,0.18515927403794,-0.438018632811791,0.672224987555998
358,cluster1,358,7342,11485,0.926829268292683,0.26530612244898,22.5432604255556,-19.5220395033333,0.599331177777778,-0.205344722777778,0.549835620135501,-0.199204484727891,0.661523145843703
359,cluster1,359,7409,11155,0.24390243902439,0.918367346938776,-7.37469318277778,29.2871540354762,-0.111147966587301,0.297110686507936,-0.179870565433604,0.298848510566084,-0.674464907914385
360,cluster1,360,7416,8850,0.804878048780488,0.142857142857143,8.96059440444444,-21.65442357,0.232476682222223,-0.209407666666667,0.21855108303523,-0.220963505816327,0.662020905923345
361,cluster1,361,7427,11155,0.121951219512195,0.816326530612245,-11.6280722811111,40.4396965755556,-0.255001088888889,0.378524250555555,-0.283611519051491,0.412649965056689,-0.69437531110005
362,cluster1,362,7486,9669,0.24390243902439,0.908163265306122,-9.17546797333332,47.0016394022222,-0.209958951111112,0.472574546666667,-0.223791901788617,0.479608565328798,-0.664260826281732
363,cluster1,363,7644,8670,0.829268292682927,0.163265306122449,12.4597584155556,-35.46489057,0.3094124,-0.341158721111111,0.303896546720867,-0.361886638469388,0.666002986560478
364,cluster1,364,7667,11155,0.170731707317073,0.836734693877551,-7.39988721333334,19.48780859,-0.104651146666667,0.238031781666666,-0.18048505398374,0.198855189693878,-0.666002986560478
365,cluster1,365,8411,11155,0.0731707317073171,0.73469387755102,-11.2996283777778,9.3862571888889,-0.245902687777777,0.118507684444444,-0.275600692140921,0.0957781345804989,-0.661523145843703
366,cluster1,366,8498,11155,0,0.663265306122449,-15.0634941920635,5.80090208476192,-0.327588847301587,0.0894663090476195,-0.367402297367402,0.0591928784159379,-0.663265306122449
367,cluster1,367,8670,11808,0.121951219512195,0.836734693877551,-14.0589291022222,41.22667225,-0.297139401111111,0.38378992111111,-0.342900709810298,0.420680329081633,-0.714783474365356
368,cluster1,368,8911,10580,0.853658536585366,0.183673469387755,13.3896756144444,-33.9817998522222,0.263936935555556,-0.319108313333333,0.32657745401084,-0.346753059716554,0.669985067197611
369,cluster1,369,9085,11596,0.0731707317073171,0.73469387755102,-22.6458572733334,23.3119684388889,-0.498109853333334,0.279684585,-0.552337982276424,0.237877228968254,-0.661523145843703
370,cluster1,370,9186,11743,0.878048780487805,0.163265306122449,6.16622281111112,-27.8686414133333,0.160691734444444,-0.25074112,0.150395678319783,-0.284373891972789,0.714783474365356
371,cluster1,371,9412,10580,0.926829268292683,0.255102040816327,14.9273191722222,-21.9435689033334,0.373696237777777,-0.207777039444444,0.364080955420054,-0.223913968401361,0.671727227476356
372,cluster1,372,10034,11155,0.146341463414634,0.836734693877551,-9.54182769888889,21.7162554755556,-0.138855504444444,0.254162395555556,-0.232727504850949,0.221594443628118,-0.690393230462917
373,cluster1,373,10329,11155,0.024390243902439,0.704081632653061,-12.0219295255556,8.28694310666667,-0.241251353333333,0.118011300555556,-0.293217793306233,0.0845606439455783,-0.679691388750622
374,cluster1,374,10419,11743,0.829268292682927,0.163265306122449,10.59427716,-28.4476634388889,0.263837534444445,-0.264504109444444,0.258397003902439,-0.290282279988662,0.666002986560478
375,cluster1,375,10799,11155,0.146341463414634,0.826530612244898,-8.21825269444445,19.5547081988889,-0.115640411111111,0.234665580000001,-0.200445187669377,0.199537838764172,-0.680189148830264
376,cluster1,376,11155,11355,0.878048780487805,0.214285714285714,12.3392618833333,-23.5488041166667,0.259905868888889,-0.238832762222222,0.300957606910569,-0.240293919557823,0.663763066202091
377,cluster1,377,11155,11919,0.853658536585366,0.173469387755102,11.0075544866667,-23.4714770822222,0.223284591111111,-0.203094967222222,0.268476938699187,-0.239504868185941,0.680189148830264
378,cluster1,378,11228,12318,0.0975609756097561,0.775510204081633,-20.82263197,30.5855329622222,-0.349529095555556,0.289828252222224,-0.507869072439025,0.312097275124716,-0.677949228471877
