SampleIDs,BestCalls,cluster3,cluster2,cluster4,cluster5,cluster1,Label
TCGA-06-0219-01,cluster5,0.0085805506060166,0.0115153908798702,0.00395755203865752,0.661371840250288,0.314574666225167,cluster5
TCGA-02-0338-01,cluster2,0.0440090256474495,0.814019323916363,0.00985482672756412,0.125682185431027,0.00643463827759575,cluster2
TCGA-12-1602-01,cluster5,0.0406068981541954,0.661451648781422,0.0466568638519022,0.231381137637463,0.0199034515750175,cluster2
TCGA-28-5214-01,cluster1,0.0114743657766853,0.0211205999420552,0.00641721174191332,0.00794747086809468,0.953040351671251,cluster1
TCGA-27-2519-01,cluster3,0.959517193726719,0.0174671438217195,0.011341073185961,0.00683657654185616,0.00483801272374422,cluster3
TCGA-06-0140-01,cluster2,0.462514133928506,0.521441738888677,0.00266089877041547,0.00329542117532197,0.0100878072370792,cluster3
TCGA-26-1440-01,cluster4,0.0459181828490087,0.0631346062772364,0.871664896344249,0.00625445292747541,0.0130278616020309,cluster4
TCGA-12-3650-01,cluster3,0.0260169038122512,0.158569209695353,0.0145503449934849,0.0669977239644744,0.733865817534437,cluster1
TCGA-32-4210-01,cluster3,0.567822228345036,0.0533685554565125,0.0299819265825556,0.0200820545309593,0.328745235084936,cluster3
TCGA-02-0003-01,cluster2,0.035954403644661,0.327680437876106,0.0201080413272882,0.0249030387480123,0.591354078403932,cluster1
TCGA-26-1439-01,cluster3,0.340226866988947,0.124808703991957,0.0182476829559374,0.0109999890834157,0.505716756979743,cluster1
TCGA-06-2564-01,cluster1,0.0174819936534726,0.0284485861640385,0.00977706804266844,0.0121085241643155,0.932183827975505,cluster1
TCGA-28-5207-01,cluster1,0.00757826928694793,0.0139491451621676,0.00870734516612298,0.0192901163540381,0.950475124030723,cluster1
TCGA-02-0033-01,cluster1,0.145823463763697,0.0114570334993855,0.00348106635708552,0.0585722944941599,0.780666141885672,cluster1
TCGA-16-1055-01,cluster1,0.172822799110294,0.136271762266205,0.224941825097545,0.00256945533521533,0.463394158190741,cluster1
TCGA-08-0351-01,cluster5,0.00755076520811397,0.0299648921194981,0.00568148424607868,0.95147177925568,0.00533107917062958,cluster5
TCGA-06-0648-01,cluster2,0.00779731904886789,0.96497846985099,0.00436076802236072,0.0171502043023588,0.00571323877542308,cluster2
TCGA-06-0192-01,cluster2,0.00785939583604534,0.972660951833364,0.009030356371672,0.00544364025545637,0.00500565570346186,cluster2
TCGA-12-1094-01,cluster2,0.0157233061616524,0.818600234605535,0.156094885967494,0.0063394604241407,0.00324211284117795,cluster2
TCGA-32-2615-01,cluster3,0.285460097031061,0.0046981361495779,0.566109655025919,0.00512895589011206,0.138603155903331,cluster4
TCGA-14-1829-01,cluster1,0.0142614426419772,0.00613379956955332,0.00802778854878893,0.0952807881385935,0.876296181101087,cluster1
TCGA-08-0510-01,cluster2,0.00760426118951792,0.941086068303653,0.00425279750913143,0.0433296480376765,0.00372722496002118,cluster2
TCGA-26-5132-01,cluster3,0.813626867244912,0.170339615249245,0.00513143627150514,0.00668754506569199,0.00421453616864615,cluster3
TCGA-27-1830-01,cluster2,0.15453282099106,0.832774669329847,0.0043609252297056,0.00568337643862333,0.00264820801076378,cluster2
TCGA-02-2466-01,cluster2,0.012233882052209,0.938577569154132,0.00702639504862502,0.0129342187161599,0.0292279350288746,cluster2
TCGA-12-0778-01,cluster4,0.00979206595027201,0.134461878247489,0.782453873263691,0.0698769831909904,0.00341519934755738,cluster4
TCGA-28-5204-01,cluster5,0.00505255511368867,0.0039229172246256,0.004492677511057,0.624495342576421,0.362036507574207,cluster5
TCGA-08-0360-01,cluster2,0.0143476317226289,0.931760108004997,0.00689588206059009,0.0329594277413471,0.0140369504704367,cluster2
TCGA-32-4211-01,cluster5,0.530659706126587,0.0147926366709632,0.016941103341077,0.417250638205861,0.0203559156555127,cluster3
TCGA-06-0132-01,cluster5,0.0078604203276259,0.0107113426391579,0.00713951965799925,0.971547222116631,0.00274149525858627,cluster5
TCGA-06-2559-01,cluster1,0.0067355983753137,0.153977533193471,0.00386851654052733,0.00504164474297623,0.830376707147711,cluster1
TCGA-06-0402-01,cluster2,0.00528963048855109,0.635526711360845,0.00306255357234586,0.00395932718355529,0.352161777394703,cluster2
TCGA-06-0414-01,cluster2,0.0102783908659408,0.935812963047217,0.0292769327093423,0.0210468974706661,0.00358481590683379,cluster2
TCGA-02-0047-01,cluster5,0.0113519874636019,0.0154692780143972,0.00651988863109098,0.537237719529773,0.429421126361137,cluster5
TCGA-06-1800-01,cluster2,0.00814216976041396,0.978247229627376,0.00467636528172241,0.00609447373220188,0.00283976159828608,cluster2
TCGA-19-2621-01,cluster3,0.91487577627019,0.00780019746896269,0.0611344924702759,0.00751975288627627,0.00866978090429507,cluster3
TCGA-27-1834-01,cluster3,0.771785665006287,0.00658021640414033,0.0097335275558635,0.208944731304744,0.00295585972896562,cluster3
TCGA-06-0747-01,cluster3,0.364380016923691,0.0115649186911207,0.615264815851098,0.00599625337914792,0.00279399515494267,cluster4
TCGA-06-1802-01,cluster2,0.00843492020741656,0.929426189066744,0.00488359159861689,0.00631359958708421,0.050941699540138,cluster2
TCGA-14-1458-01,cluster5,0.00789843738222292,0.0061325241105046,0.00453638028203035,0.976246126532338,0.00518653169290411,cluster5
TCGA-06-0138-01,cluster1,0.0073583417297248,0.00571318172027712,0.0936105484042033,0.00844935137063883,0.884868576775156,cluster1
TCGA-02-0266-01,cluster2,0.00819450590650878,0.892369774838812,0.0273987075866156,0.00613364772107771,0.0659033639469862,cluster2
TCGA-06-0646-01,cluster2,0.0761682403737591,0.886060758377212,0.00655766482788024,0.00552015262963918,0.0256931837915098,cluster2
TCGA-32-2491-01,cluster2,0.012571224714232,0.96935282738414,0.00618022090585619,0.0081427365983,0.00375299039747192,cluster2
TCGA-16-0861-01,cluster4,0.152973894401758,0.00620609982971877,0.828624949863516,0.0071826484403154,0.00501240746469172,cluster4
TCGA-19-1790-01,cluster2,0.00700119200338742,0.936149769180974,0.00479938527565516,0.0397857861646947,0.0122638673752889,cluster2
TCGA-14-1794-01,cluster2,0.0175145531248091,0.962385218668919,0.00590042491863227,0.00642411656827286,0.00777568671936654,cluster2
TCGA-16-1056-01,cluster2,0.0233092278817492,0.715553706099208,0.182642277948044,0.0117805006386483,0.0667142874323498,cluster1
TCGA-12-0820-01,cluster2,0.00710437123082887,0.445663743699643,0.179774406715614,0.00552077769236328,0.361936700661551,cluster1
TCGA-02-0051-01,cluster2,0.00814725138716302,0.881972314825785,0.00558502014024076,0.0462985162187877,0.057996897428024,cluster2
TCGA-32-5222-01,cluster2,0.00675291858144747,0.902952406998876,0.00462919142794771,0.00524766528261095,0.0804178177091179,cluster2
TCGA-12-0688-01,cluster2,0.0065559070000808,0.797663003517122,0.0667546635991144,0.00509456839223077,0.123931857491452,cluster2
TCGA-32-1978-01,cluster1,0.00716338772440858,0.00644156345744314,0.0049105720214074,0.00556663916703151,0.975917837629709,cluster1
TCGA-32-2634-01,cluster3,0.839549524440994,0.131388889855264,0.00576883793578341,0.0148834019829368,0.00840934578502232,cluster3
TCGA-02-0321-01,cluster2,0.236653087112041,0.741956276562299,0.00503775439621654,0.00698273780420466,0.00937014412523824,cluster2
TCGA-06-0130-01,cluster2,0.328829413685693,0.642309160639709,0.00329294438718887,0.00373289163068389,0.0218355896567261,cluster2
TCGA-02-0106-01,cluster2,0.0088493895371796,0.890667916956119,0.00631622803283608,0.00687682424813184,0.0872896412257332,cluster2
TCGA-02-0064-01,cluster2,0.00730114691534952,0.976257613882584,0.00500500728789748,0.0075985333075053,0.00383769860666365,cluster2
TCGA-06-2567-01,cluster3,0.966365223179453,0.00871048857507956,0.0116508169647323,0.00752738790611323,0.00574608337462193,cluster3
TCGA-06-0142-01,cluster5,0.0114984447076255,0.00639367837042883,0.00595116886000272,0.973330546764334,0.00282616129760902,cluster5
TCGA-08-0353-01,cluster2,0.0161323488902059,0.87587270537096,0.0110588822143322,0.012536382036455,0.0843996814880469,cluster2
TCGA-26-1438-01,cluster4,0.00712650530794332,0.480501611382409,0.504357093057183,0.00579972063237999,0.00221506962008423,cluster4
TCGA-19-1787-01,cluster3,0.876373537169334,0.00789933401980257,0.0985735121162911,0.00682640828404594,0.0103272084105261,cluster3
TCGA-06-0749-01,cluster5,0.00865131473999183,0.00481053962821381,0.252087606299494,0.732324163851677,0.00212637548062345,cluster5
TCGA-28-5208-01,cluster1,0.0153576103628613,0.102816619194,0.01069879846837,0.00737967287397002,0.863747299100799,cluster1
TCGA-02-0290-01,cluster1,0.00666280829073965,0.0688576338836038,0.00475556153637181,0.0120035559334211,0.907720440355864,cluster1
TCGA-26-1442-01,cluster5,0.00836764181717417,0.00599599003839233,0.00411383732347434,0.975227032921095,0.00629549789986394,cluster5
TCGA-06-0179-01,cluster5,0.00803421677490033,0.0192210449597039,0.00394991343506508,0.936367205769923,0.0324276190604074,cluster5
TCGA-06-0206-01,cluster2,0.0723999725913619,0.699666835957577,0.00297494495664159,0.00418700861560013,0.220771237878819,cluster2
TCGA-02-0079-01,cluster2,0.339697835946429,0.534717082602772,0.00545415041491343,0.115117264383696,0.00501366665218886,cluster3
TCGA-27-2528-01,cluster3,0.0427663572475575,0.344178391308263,0.117201840122705,0.0289589606951998,0.466894450626275,cluster1
TCGA-06-0154-01,cluster2,0.00842784147334974,0.974479583745407,0.00422895314651898,0.00570685804636889,0.00715676358835544,cluster2
TCGA-14-0736-01,cluster4,0.00478193662309814,0.500142259585037,0.488260624841265,0.0049816609395043,0.00183351801109581,cluster4
TCGA-02-0260-01,cluster1,0.00482216727657598,0.428559898744052,0.00291227053676684,0.00326529921217496,0.56044036423043,cluster1
TCGA-06-0211-01,cluster2,0.00831612840398601,0.93251334279783,0.0092421280662531,0.00563121226793333,0.0442971884639972,cluster2
TCGA-41-2571-01,cluster5,0.0203907574864606,0.327634541435228,0.0101953921978921,0.629026751689919,0.0127525571905004,cluster2
TCGA-19-2629-01,cluster3,0.902863600642061,0.0664785949947777,0.00475521553818396,0.0100761940775045,0.0158263947474731,cluster3
TCGA-06-0879-01,cluster4,0.00672442459199823,0.584722143957805,0.401421712997761,0.00455340038269529,0.00257831806973978,cluster4
TCGA-19-2624-01,cluster1,0.013888171032604,0.0426000050039953,0.0969131193261606,0.00940428469821007,0.83719441993903,cluster1
TCGA-06-0139-01,cluster1,0.00537543713382241,0.572531319728241,0.00268772211384607,0.0187126966994149,0.400692824324676,cluster1
TCGA-27-2524-01,cluster1,0.00534408604556033,0.572659498844662,0.00630279063242229,0.00361871311248951,0.412074911364866,cluster2
TCGA-12-0829-01,cluster5,0.00582835206360408,0.0572411406521904,0.518668049256094,0.416314753950192,0.00194770407791975,cluster4
TCGA-02-0070-01,cluster2,0.00965566393649191,0.97304821409289,0.00413734756074713,0.00569847549679571,0.00746029891307515,cluster2
TCGA-12-1090-01,cluster3,0.655578937714791,0.00967758405340319,0.326079511032288,0.00475564835199956,0.00390831884751781,cluster3
TCGA-27-1837-01,cluster3,0.764602684192468,0.024751958683739,0.0061471005905976,0.00554651970316391,0.198951736830031,cluster1
TCGA-32-1986-01,cluster2,0.00819955174999499,0.948083302409129,0.00403119812748871,0.00555227314479591,0.0341336745685919,cluster2
TCGA-02-0337-01,cluster2,0.0201250151140914,0.945135673715304,0.0166499884987547,0.011643042258926,0.00644628041292354,cluster2
TCGA-08-0349-01,cluster3,0.946803529781434,0.0182627097348093,0.00855394569544175,0.0207721489622423,0.00560766582607294,cluster3
TCGA-06-0152-01,cluster2,0.023324458959619,0.604899624634034,0.00601983211936564,0.0035558367353995,0.362200247551582,cluster1
TCGA-15-1444-01,cluster3,0.935833616293028,0.0215420309105766,0.00530892067578689,0.0282055651739079,0.00910986694670109,cluster3
TCGA-06-0214-01,cluster4,0.0202808684845133,0.0284290237504955,0.918083940299431,0.013964590984085,0.0192415764814752,cluster4
TCGA-08-0392-01,cluster2,0.00517261162208914,0.975294245733619,0.00702882150681954,0.00354246988796159,0.00896185124951034,cluster2
TCGA-41-2573-01,cluster5,0.00531229470392177,0.00641862137771036,0.00428107516464853,0.98083369186622,0.00315431688749973,cluster5
TCGA-28-1745-01,cluster3,0.895555822789028,0.0120675947125266,0.0738550448113584,0.01259113370261,0.00593040398447735,cluster3
TCGA-02-0024-01,cluster2,0.270691261301071,0.342446236801884,0.0560792556457172,0.0877274014257621,0.243055844825566,cluster5
TCGA-02-0317-01,cluster1,0.00618040119740898,0.00774233837436287,0.0278371997104782,0.00807823099505148,0.950161829722698,cluster1
TCGA-06-0143-01,cluster2,0.00527770853870755,0.980165104996748,0.00440972977863992,0.00689834645655511,0.00324911022934966,cluster2
TCGA-28-5218-01,cluster1,0.00550383830015078,0.035589854805357,0.00459866994757109,0.00376931091505749,0.950538326031864,cluster1
TCGA-12-0828-01,cluster4,0.00545156821506071,0.0816267924709687,0.904069043717598,0.00373351367838076,0.00511908191799223,cluster4
TCGA-06-0129-01,cluster3,0.714274269308144,0.016441938096876,0.00405202951731242,0.00332125576783519,0.261910507309833,cluster3
TCGA-08-0516-01,cluster5,0.465768599988189,0.00517107147894648,0.00390849855653246,0.327140478588458,0.198011351387874,cluster5
TCGA-14-1795-01,cluster2,0.00512964180549378,0.967192300734169,0.00428601429153221,0.00351304195242314,0.0198790012163815,cluster2
TCGA-28-5220-01,cluster5,0.00656099343517123,0.00633350491096074,0.00422430440805432,0.944361856925918,0.0385193403198961,cluster5
TCGA-12-1089-01,cluster4,0.0117295656545322,0.0975579508787842,0.687162613960352,0.189053182053407,0.0144966874529251,cluster3
TCGA-08-0386-01,cluster2,0.437397875002217,0.513115523891414,0.012642790760253,0.0103626939425343,0.0264811164035811,cluster3
TCGA-16-0848-01,cluster4,0.00579310398580154,0.0196407608356123,0.960708143783517,0.00643474201112021,0.00742324938394875,cluster4
TCGA-02-0422-01,cluster2,0.0576301350400043,0.800634258024076,0.0481522086278718,0.0394680739506055,0.0541153243574428,cluster2
TCGA-26-5134-01,cluster3,0.426701793380923,0.55235244819711,0.00262344018593142,0.00215030907644387,0.0161720091595917,cluster2
TCGA-14-0812-01,cluster3,0.902149251957897,0.0758852648790034,0.0086703305758423,0.00952430954054688,0.0037708430467102,cluster3
TCGA-14-1453-01,cluster4,0.0404070093429333,0.00900891934291101,0.872999546583169,0.00360520667203221,0.0739793180589546,cluster4
TCGA-06-0169-01,cluster1,0.00736758225544934,0.128725094747994,0.0438724071919852,0.00470740544979812,0.815327510354774,cluster1
TCGA-12-1097-01,cluster4,0.0948182127697164,0.00982373835994316,0.797970577341474,0.0930952322897357,0.00429223923913109,cluster4
TCGA-41-2575-01,cluster3,0.436779329008947,0.0494865654909413,0.169415874290997,0.0590593241243094,0.285258907084804,cluster4
TCGA-06-0878-01,cluster4,0.00896027422301021,0.0368250475172371,0.753455671655074,0.00715793093254407,0.193601075672135,cluster4
TCGA-06-0127-01,cluster5,0.438972274141966,0.00818520158548468,0.00456729429034252,0.545045750778833,0.00322947920337423,cluster5
TCGA-12-3649-01,cluster5,0.0212466935412097,0.0180988167252062,0.00906096681896104,0.697358608178366,0.254234914736257,cluster5
TCGA-06-0124-01,cluster2,0.00758086965086121,0.863134837657115,0.00323297402638638,0.0048436822109829,0.121207636454655,cluster2
TCGA-41-3392-01,cluster5,0.0801441416881849,0.0156776899322186,0.00718398198715169,0.889323285283062,0.00767090110938246,cluster5
TCGA-19-0955-01,cluster4,0.00583398254861581,0.244261975349439,0.624302847840231,0.123429837989898,0.00217135627181617,cluster5
TCGA-06-0187-01,cluster2,0.0972630959158521,0.271095010648488,0.533296649914234,0.0621447867025673,0.0362004568188588,cluster4
TCGA-14-0865-01,cluster3,0.215222298890977,0.706858613671552,0.0104927618836045,0.015720387378584,0.0517059381752817,cluster2
TCGA-02-0440-01,cluster2,0.00844210778430375,0.961192800757509,0.0036002617709576,0.00539395731377428,0.0213708723734558,cluster2
TCGA-06-0188-01,cluster3,0.926503799009271,0.0363036140759387,0.0235211986327918,0.0100075657670288,0.00366382251497016,cluster3
TCGA-19-1788-01,cluster5,0.00834681936701493,0.00711016769122202,0.00431221208851398,0.975428906543936,0.00480189430931283,cluster5
TCGA-06-5859-01,cluster3,0.891260235404171,0.0743070695875709,0.01119771543497,0.00950770190843789,0.01372727766485,cluster3
TCGA-06-0166-01,cluster2,0.00916497673602597,0.962531650805788,0.0190364263417219,0.00585582351693885,0.00341112259952524,cluster2
TCGA-19-1389-01,cluster2,0.0681137756465344,0.913231290009851,0.00351024302694782,0.00591619737200704,0.00922849394465927,cluster2
TCGA-14-1825-01,cluster2,0.044298635392304,0.864224949399711,0.0333350284673582,0.0283039442837728,0.0298374424568542,cluster2
TCGA-06-0164-01,cluster2,0.00827239273532332,0.941869559757968,0.00352788427727806,0.0432512524340882,0.00307891079534213,cluster2
TCGA-02-0075-01,cluster2,0.0175459229367775,0.957613483793957,0.00358685501424879,0.00537387114282227,0.0158798671121941,cluster2
TCGA-06-0190-01,cluster2,0.00979094591835139,0.972776664590951,0.00506014231184812,0.00625577707539486,0.00611647010345473,cluster2
TCGA-06-5411-01,cluster5,0.00836730143366418,0.00712761516697721,0.00356835949591993,0.977822488937056,0.00311423496638224,cluster5
TCGA-06-0177-01,cluster2,0.00783465671233232,0.964046252184492,0.00458883482705547,0.0188683617616699,0.00466189451444989,cluster2
TCGA-02-0071-01,cluster2,0.00786452839407878,0.967721931144209,0.00460633096231371,0.00548182006658886,0.0143253894328099,cluster2
TCGA-12-0619-01,cluster2,0.0109864321219266,0.967670616050619,0.0109127756293357,0.00548152938380002,0.00494864681431898,cluster2
TCGA-28-2514-01,cluster5,0.0522253564519428,0.080325242889291,0.0039015467438526,0.806474483588922,0.0570733703259917,cluster5
TCGA-19-0964-01,cluster4,0.00875652565529573,0.0215433620632296,0.957617278313332,0.00859762103486623,0.00348521293327661,cluster4
TCGA-14-3476-01,cluster1,0.0068278446368588,0.00987391956521095,0.052044366111224,0.0374004675303124,0.893853402156394,cluster1
TCGA-06-0644-01,cluster2,0.00793896797001199,0.976881642517351,0.00464993094774969,0.0055337067584096,0.00499575180647761,cluster2
TCGA-06-0240-01,cluster5,0.0187165761527194,0.00673476646163021,0.0105436584075362,0.961196694155967,0.00280830482214763,cluster5
TCGA-08-0348-01,cluster2,0.00873696841875239,0.974557856892446,0.00511732759136035,0.00608993780671322,0.0054979092907279,cluster2
TCGA-02-2470-01,cluster5,0.00712238511931756,0.0522101005688366,0.00430283204687029,0.929348180563436,0.00701650170153945,cluster5
TCGA-08-0389-01,cluster3,0.824282938760588,0.144247715988953,0.0117715858344593,0.00799638040701444,0.0117013790089856,cluster3
TCGA-06-0176-01,cluster2,0.00740959539601627,0.91174290514721,0.0547568049154739,0.0214280608432248,0.00466263369807506,cluster2
TCGA-12-0703-01,cluster5,0.0049902765719495,0.319404916146093,0.0368780731092835,0.63129322445497,0.00743350971770428,cluster5
TCGA-32-2632-01,cluster3,0.959586233953153,0.0128008498525707,0.00845871656844242,0.0100663983117671,0.00908780131406654,cluster3
TCGA-06-2557-01,cluster1,0.43988679206133,0.00406328517832238,0.00673529173059553,0.00334213332185829,0.545972497707894,cluster3
TCGA-08-0520-01,cluster3,0.691946448601195,0.00803908460710302,0.249513066832473,0.0471492124414578,0.00335218751777109,cluster3
TCGA-12-0618-01,cluster2,0.00930192573044748,0.84799022355535,0.00553255950601203,0.131321871412678,0.00585341979551196,cluster2
TCGA-76-6193-01,cluster2,0.114303696855686,0.557741941924382,0.0102165039528313,0.311290847278193,0.00644700998890715,cluster3
TCGA-32-2638-01,cluster1,0.0296637424417551,0.0441672790850448,0.00449330216551449,0.0053318905259938,0.916343785781692,cluster1
TCGA-28-5213-01,cluster1,0.00678510782451753,0.116990563326468,0.00654594204591294,0.0163407120089148,0.853337674794187,cluster1
TCGA-06-0877-01,cluster4,0.0071499602442234,0.0858215101209196,0.74839639320442,0.0355759220289841,0.123056214401453,cluster4
TCGA-06-0171-01,cluster4,0.0519648229469229,0.0110301987481386,0.914309253773293,0.00905339853353701,0.0136423259981083,cluster4
TCGA-28-1747-01,cluster3,0.890622983770912,0.00693973755790245,0.00462744350952555,0.0912794763552739,0.0065303588063859,cluster3
TCGA-02-0115-01,cluster5,0.441373831434783,0.0159346676183462,0.00217961441474794,0.537275579430756,0.00323630710136695,cluster5
TCGA-19-1387-01,cluster5,0.0434590126025091,0.696154698428176,0.021984111627176,0.220817664030931,0.0175845133112084,cluster2
TCGA-06-0182-01,cluster1,0.436351424414034,0.0292759170465084,0.00215481251223467,0.00310499531229682,0.529112850714926,cluster1
TCGA-14-1455-01,cluster2,0.0765228563236151,0.828816014187873,0.0294492617901495,0.0252793242204686,0.0399325434778938,cluster2
TCGA-02-0116-01,cluster2,0.00623058823977792,0.750971901873862,0.00315179612153314,0.235454762213859,0.00419095155096788,cluster5
TCGA-14-0813-01,cluster4,0.141997353232547,0.0140722050244401,0.744044310062252,0.0950520570597789,0.00483407462098258,cluster4
TCGA-12-3652-01,cluster1,0.00818032586520499,0.00652943687690901,0.0692566498666601,0.00803827973002265,0.907995307661203,cluster1
TCGA-06-0175-01,cluster2,0.00797636789790875,0.969084376014238,0.00404706760639654,0.0058141429159272,0.0130780455655299,cluster2
TCGA-06-0148-01,cluster2,0.00798710577394511,0.977543615672511,0.00404034547490694,0.00582196998041169,0.00460696309822566,cluster2
TCGA-27-1831-01,cluster1,0.266260864193047,0.00463904377187293,0.00294003440460948,0.00423646743856927,0.721923590191901,cluster1
TCGA-06-0156-01,cluster2,0.00786139763361089,0.962158168991355,0.00667558365009206,0.00573033866363275,0.0175745110613096,cluster2
TCGA-08-0347-01,cluster2,0.00793653495056318,0.971354241581889,0.00401476379323195,0.0134831555943196,0.00321130407999633,cluster2
TCGA-15-1446-01,cluster4,0.389805495389253,0.00679155294229147,0.562555435407945,0.00836096640193585,0.0324865498585746,cluster3
TCGA-02-0271-01,cluster2,0.00783206924912874,0.902810490117275,0.00396191892851882,0.0822264868439941,0.00316903486108332,cluster2
TCGA-12-0821-01,cluster4,0.0728252916697387,0.00731000173166493,0.877089595122301,0.00730747370555019,0.0354676377707451,cluster4
TCGA-06-0686-01,cluster2,0.00914791020479169,0.95594264701684,0.0216931672207118,0.00951482126468449,0.0037014542929724,cluster2
TCGA-16-1063-01,cluster4,0.0822632762568779,0.0181308172956957,0.871786724969006,0.00726329283232509,0.020555888646095,cluster4
TCGA-06-0409-01,cluster2,0.00635417071412912,0.762439545257765,0.00839645575962237,0.195897869557017,0.0269119587114664,cluster2
TCGA-14-0867-01,cluster2,0.00752277299824116,0.920713826098722,0.0592581284291084,0.0073921448487197,0.005113127625209,cluster2
TCGA-06-0882-01,cluster5,0.0413119300611439,0.00347781310242705,0.507614600557101,0.445832659114813,0.00176299716451426,cluster5
TCGA-08-0525-01,cluster2,0.00792859155250209,0.970382047362714,0.00401074555767581,0.00577931772935727,0.0118992977977507,cluster2
TCGA-08-0522-01,cluster2,0.00827601622079417,0.964752025754554,0.00441565669052677,0.00588861676804649,0.0166676845660786,cluster2
TCGA-06-5415-01,cluster5,0.0180455566299451,0.00756847331433309,0.0042786203928266,0.950327851303396,0.0197794983594989,cluster5
TCGA-02-0269-01,cluster1,0.0865031735346593,0.00701483556116734,0.199226777034709,0.00487955679338729,0.702375657076077,cluster1
TCGA-06-0750-01,cluster4,0.00629234476897107,0.528070776755791,0.430950426839347,0.0323900851341422,0.00229636650174879,cluster4
TCGA-02-0102-01,cluster2,0.00832884577239748,0.970910473922035,0.00462501098697326,0.00592620647003836,0.0102094628485561,cluster2
TCGA-19-2623-01,cluster2,0.226455459691233,0.746859452521048,0.00491412249551317,0.00463108277766438,0.0171398825145417,cluster3
TCGA-02-0014-01,cluster2,0.00921678612575725,0.91184486504105,0.00491760313604713,0.00655800083997711,0.0674627448571689,cluster2
TCGA-27-2518-01,cluster5,0.429867948957672,0.00436996112453382,0.00304754765221219,0.554510124058551,0.00820441820703081,cluster5
TCGA-19-5958-01,cluster5,0.00813954206169591,0.00768207364355934,0.00508069021848787,0.974788444959323,0.00430924911693403,cluster5
TCGA-02-0046-01,cluster1,0.00740913436410342,0.093551046335886,0.00395313310813274,0.0116278085934223,0.883458877598456,cluster1
TCGA-27-2523-01,cluster1,0.00825231460063863,0.115533134997675,0.00515108267191798,0.0058717524030967,0.865191715326671,cluster1
TCGA-02-2486-01,cluster3,0.740370036359113,0.0919330273192561,0.0313999872057142,0.126091952010105,0.0102049971058113,cluster3
TCGA-19-1388-01,cluster3,0.632916889822087,0.0112075528629974,0.0136929248805248,0.164406769116224,0.177775863318167,cluster3
TCGA-28-1756-01,cluster5,0.00803365595878932,0.00758213867987313,0.00428634571724102,0.962107565763323,0.0179902938807733,cluster5
TCGA-28-1760-01,cluster2,0.00889748615976108,0.899857970697628,0.012391938236759,0.00633080999312044,0.0725217949127318,cluster2
TCGA-14-0787-01,cluster4,0.116484864227916,0.00785087874414516,0.861995364953546,0.00591877367423171,0.00775011840016115,cluster4
TCGA-19-2620-01,cluster5,0.0177486449573254,0.0074439458133522,0.0246904591134384,0.944572090875843,0.00554485924004093,cluster5
TCGA-32-1980-01,cluster5,0.00815647984315465,0.00769805946727501,0.00435187822615413,0.976816907190254,0.0029766752731625,cluster5
TCGA-41-2572-01,cluster1,0.00784959148428727,0.00740841922028069,0.00835730733919866,0.0404060721049584,0.935978609851275,cluster1
TCGA-14-1452-01,cluster2,0.114025018165985,0.616481159850765,0.256954981542238,0.00523509983324705,0.00730374060776474,cluster2
TCGA-08-0512-01,cluster2,0.356141025209832,0.630339083425472,0.00753098511052452,0.00401553606828549,0.00197337018588576,cluster2
TCGA-02-0111-01,cluster2,0.00841423261524584,0.850983541887996,0.00448940185131651,0.133042082510777,0.00307074113466485,cluster2
TCGA-19-1385-01,cluster2,0.0128806125220017,0.897630928700153,0.00754060636547261,0.0647892985953139,0.0171585538170583,cluster2
TCGA-02-0015-01,cluster2,0.0088115770198144,0.971360906003058,0.00459252214080214,0.00585291883988087,0.00938207599644413,cluster2
TCGA-06-0394-01,cluster2,0.0086765276994033,0.956473488014809,0.00452213553546536,0.00576321495260055,0.0245646337977215,cluster2
TCGA-12-0657-01,cluster4,0.0517744632289232,0.0607237467845707,0.829886847965134,0.0488067147384257,0.00880822728294662,cluster4
TCGA-06-0167-01,cluster5,0.00861519732126421,0.00643336082546255,0.0134206876393222,0.968497559486366,0.00303319472758517,cluster5
TCGA-41-3915-01,cluster3,0.0591449902964174,0.849919745511389,0.0308258869942381,0.0392859107072486,0.0208234664907065,cluster2
TCGA-02-0026-01,cluster2,0.0133984312734569,0.933716955352467,0.0173755201219191,0.0163600755075309,0.0191490177446259,cluster2
TCGA-28-2502-01,cluster2,0.00987438857134325,0.974714135192063,0.00514645086104378,0.00678850101564924,0.00347652435990062,cluster2
TCGA-06-6390-01,cluster5,0.0143256062106001,0.0106975836257171,0.0444304421742522,0.911462905560397,0.0190834624290341,cluster5
TCGA-06-0195-01,cluster5,0.41202757014465,0.00352834800903823,0.0495923608039446,0.531168160543274,0.00368356049909352,cluster5
TCGA-02-0446-01,cluster2,0.00886265384043291,0.976991456203118,0.00461914296350445,0.0064064290363427,0.0031203179566024,cluster2
TCGA-06-2565-01,cluster1,0.362795744300499,0.021292763043006,0.0028426496613135,0.00362280186089135,0.60944604113429,cluster1
TCGA-08-0373-01,cluster2,0.00897431576976672,0.977393766576597,0.00462104505703762,0.00588926974003654,0.00312160285656189,cluster2
TCGA-12-3651-01,cluster3,0.970088092311234,0.0088318716520855,0.00616421367978384,0.00813099589517981,0.0067848264617165,cluster3
TCGA-06-0189-01,cluster2,0.0161523577517171,0.701386087900944,0.10179313136456,0.0107288898208498,0.16993953316193,cluster2
TCGA-14-0866-01,cluster1,0.00813183858621478,0.0733859237142216,0.00423824800811956,0.00559052280581918,0.908653466885625,cluster1
TCGA-16-0846-01,cluster3,0.441559010622743,0.00378123690959974,0.525083337719801,0.0277936408340171,0.001782773913839,cluster3
TCGA-08-0357-01,cluster2,0.0207428130593646,0.946032833441885,0.012143319110491,0.0137780105733944,0.00730302381486452,cluster2
TCGA-12-0772-01,cluster2,0.00850401928689949,0.937456695959762,0.0432489734749356,0.0056486295911708,0.00514168168723245,cluster2
TCGA-08-0346-01,cluster2,0.00886726112221046,0.977499348648656,0.00462154424122406,0.00588990592304008,0.00312194006486934,cluster2
TCGA-32-1970-01,cluster3,0.907653499620149,0.00777258040561954,0.012645141758835,0.0523551375109681,0.0195736407044287,cluster3
TCGA-28-1753-01,cluster1,0.00691128206617554,0.402672263062353,0.00404602323474605,0.00459068483676507,0.58177974679996,cluster1
